{
  "0": "Abortiporus biennis",
  "1": "Acarospora fuscata",
  "2": "Platygloea disciformis",
  "3": "Acrospermum compressum",
  "4": "Acrospermum pallidulum",
  "5": "Adelphella babingtonii",
  "6": "Agaricus altipes",
  "7": "Agaricus arvensis",
  "8": "Agaricus augustus",
  "9": "Agaricus bernardii",
  "10": "Agaricus bisporus",
  "11": "Agaricus bitorquis",
  "12": "Agaricus bohusii",
  "13": "Agaricus brunneolus",
  "14": "Agaricus campestris",
  "15": "Agaricus crocodilinus",
  "16": "Agaricus cupreobrunneus",
  "17": "Agaricus depauperatus",
  "18": "Agaricus devoniensis",
  "19": "Agaricus dulcidulus",
  "20": "Agaricus sylvicola",
  "21": "Agaricus impudicus",
  "22": "Agaricus langei",
  "23": "Agaricus lanipes",
  "24": "Agaricus litoralis",
  "25": "Agaricus moelleri",
  "26": "Agaricus subfloccosus",
  "27": "Agaricus subperonatus",
  "28": "Agaricus sylvaticus",
  "29": "Agaricus sylvicola",
  "30": "Agaricus xanthodermus",
  "31": "Agrocybe arvalis",
  "32": "Agrocybe dura",
  "33": "Agrocybe elatella",
  "34": "Agrocybe pediades",
  "35": "Agrocybe praecox",
  "36": "Agrocybe putaminum",
  "37": "Agrocybe rivulosa",
  "38": "Agrocybe vervacti",
  "39": "Albatrellus ovinus",
  "40": "Albugo candida",
  "41": "Aleuria aurantia",
  "42": "Aleurodiscus disciformis",
  "43": "Aleurodiscus amorphus",
  "44": "Allophylaria macrospora",
  "45": "Alyxoria varia",
  "46": "Amandinea punctata",
  "47": "Amanita ceciliae",
  "48": "Amanita citrina",
  "49": "Amanita crocea",
  "50": "Amanita franchetii",
  "51": "Amanita fulva",
  "52": "Amanita gemmata",
  "53": "Amanita huijsmanii",
  "54": "Amanita lividopallescens",
  "55": "Amanita muscaria",
  "56": "Amanita olivaceogrisea",
  "57": "Amanita pantherina",
  "58": "Amanita phalloides",
  "59": "Amanita porphyria",
  "60": "Amanita regalis",
  "61": "Amanita rubescens",
  "62": "Amanita simulans",
  "63": "Aspidella solitaria",
  "64": "Amanita submembranacea",
  "65": "Amanita vaginata",
  "66": "Amanita virosa",
  "67": "Amaropostia stiptica",
  "68": "Amaurochaete atra",
  "69": "Amphinema byssoides",
  "70": "Ampulloclitocybe clavipes",
  "71": "Antrodia sinuosa",
  "72": "Daedalea xantha",
  "73": "Amylostereum chailletii",
  "74": "Amylostereum laevigatum",
  "75": "Anaptychia ciliaris",
  "76": "Kurokawia runcinata",
  "77": "Antella niemelaei",
  "78": "Anthracobia macrocystis",
  "79": "Anthracobia melaloma",
  "80": "Anthracoidea arenariae",
  "81": "Ombrophila juniperinella",
  "82": "Antrodiella faginea",
  "83": "Antrodiella pallescens",
  "84": "Antrodiella serpula",
  "85": "Aphanobasidium pseudotsugae",
  "86": "Apioperdon pyriforme",
  "87": "Arachnopeziza aurata",
  "88": "Arachnopeziza aurelia",
  "89": "Arcyria affinis",
  "90": "Arcyria cinerea",
  "91": "Arcyria denudata",
  "92": "Arcyria ferruginea",
  "93": "Arcyria incarnata",
  "94": "Arcyria obvelata",
  "95": "Arcyria pomiformis",
  "96": "Arcyria stipata",
  "97": "Armillaria borealis",
  "98": "Armillaria cepistipes",
  "99": "Armillaria lutea",
  "100": "Armillaria mellea",
  "101": "Armillaria ostoyae",
  "102": "Arrhenia acerosa",
  "103": "Arrhenia chlorocyanea",
  "104": "Arrhenia gerardiana",
  "105": "Arrhenia griseopallida",
  "106": "Arrhenia lobata",
  "107": "Arrhenia obscurata",
  "108": "Arrhenia peltigerina",
  "109": "Arrhenia retiruga",
  "110": "Arrhenia rustica",
  "111": "Arrhenia spathulata",
  "112": "Arthonia atra",
  "113": "Arthonia calcarea",
  "114": "Arthonia didyma",
  "115": "Arthonia radiata",
  "116": "Diarthonis spadicea",
  "117": "Arthonia varians",
  "118": "Apiospora sphaerosperma",
  "119": "Arthrinium sporophleum",
  "120": "Erysiphe mougeotii",
  "121": "Artomyces pyxidatus",
  "122": "Ascobolus albidus",
  "123": "Ascobolus brassicae",
  "124": "Ascobolus carbonarius",
  "125": "Ascobolus furfuraceus",
  "126": "Ascobolus immersus",
  "127": "Ascocoryne albida",
  "128": "Ascocoryne cylichnium",
  "129": "Ascocoryne sarcoides",
  "130": "Ascocoryne turficola",
  "131": "Ascodichaena rugosa",
  "132": "Ascotremella faginea",
  "133": "Aspicilia cinerea",
  "134": "Aspropaxillus giganteus",
  "135": "Asterophora lycoperdoides",
  "136": "Asterophora parasitica",
  "137": "Asterostroma laxum",
  "138": "Athallia cerinelloides",
  "139": "Athallia holocarpa",
  "140": "Athallia scopularis",
  "141": "Athelia arachnoidea",
  "142": "Athelia decipiens",
  "143": "Athelia epiphylla",
  "144": "Athelia neuhoffii",
  "145": "Atheniella adonis",
  "146": "Atheniella delectabilis",
  "147": "Atheniella flavoalba",
  "148": "Atheniella leptophylla",
  "149": "Atractosporocybe inornata",
  "150": "Hapalopilus croceus",
  "151": "Aureoboletus gentilis",
  "152": "Aureoboletus projectellus",
  "153": "Aureonarius limonius",
  "154": "Auricularia auricula-judae",
  "155": "Auricularia mesenterica",
  "156": "Auriscalpium vulgare",
  "157": "Bacidia rubella",
  "158": "Bactridium flavum",
  "159": "Badhamia panicea",
  "160": "Badhamia utricularis",
  "161": "Baeomyces rufus",
  "162": "Baeospora myosura",
  "163": "Bartheletia paradoxa",
  "164": "Xylodon radula",
  "165": "Beauveria bassiana",
  "166": "Belonium psammicola",
  "167": "Bertia moriformis",
  "168": "Biscogniauxia nummularia",
  "169": "Bispora pallescens",
  "170": "Bisporella subpallida",
  "171": "Bjerkandera adusta",
  "172": "Bjerkandera fumosa",
  "173": "Blastenia crenularia",
  "174": "Kuettlingeria teicholyta",
  "175": "Blennothallia crispa",
  "176": "Blumeria graminis",
  "177": "Boidinia furfuracea",
  "178": "Bolbitius coprophilus",
  "179": "Bolbitius reticulatus",
  "180": "Bolbitius titubans",
  "181": "Bolbitius titubans",
  "182": "Boletus edulis",
  "183": "Boletus pinophilus",
  "184": "Boletus reticulatus",
  "185": "Bombardia bombarda",
  "186": "Bonomyces sinopicus",
  "187": "Botryobasidium aureum",
  "188": "Botryobasidium vagum",
  "189": "Botryobasidium capitatum",
  "190": "Botryobasidium conspersum",
  "191": "Botryobasidium isabellinum",
  "192": "Botryobasidium laeve",
  "193": "Botryobasidium subcoronatum",
  "194": "Botrytis cinerea",
  "195": "Bovista aestivalis",
  "196": "Bovista furfuracea",
  "197": "Bovista nigrescens",
  "198": "Bovista plumbea",
  "199": "Brefeldia maxima",
  "200": "Brevicellicium olivascens",
  "201": "Britzelmayria multipedata",
  "202": "Brunneoporus kuzyanus",
  "203": "Brunnipila brunneola",
  "204": "Brunnipila clandestina",
  "205": "Brunnipila fuscescens",
  "206": "Brunnipila palearum",
  "207": "Bryopistillaria sagittiformis",
  "208": "Bryoria capillaris",
  "209": "Bryoria fuscescens",
  "210": "Bryoscyphus dicrani",
  "211": "Buchwaldoboletus lignicola",
  "212": "Buellia griseovirens",
  "213": "Buglossoporus quercinus",
  "214": "Bulbillomyces farinosus",
  "215": "Bulgaria inquinans",
  "216": "Butyriboletus appendiculatus",
  "217": "Butyriboletus fechtneri",
  "218": "Butyriboletus fuscoroseus",
  "219": "Byssocorticium atrovirens",
  "220": "Byssomerulius corium",
  "221": "Byssonectria terrestris",
  "222": "Calcipostia guttulata",
  "223": "Calicium glaucellum",
  "224": "Calicium salicinum",
  "225": "Calicium viride",
  "226": "Callistosporium pinicola",
  "227": "Calloria urticae",
  "228": "Caloboletus calopus",
  "229": "Caloboletus radicans",
  "230": "Calocera cornea",
  "231": "Calocera furcata",
  "232": "Calocera viscosa",
  "233": "Calocybe carnea",
  "234": "Calocybe gambosa",
  "235": "Calocybe gangraenosa",
  "236": "Calocybe hebelomoides",
  "237": "Calocybe ionides",
  "238": "Calocybe obscurissima",
  "239": "Calogaya arnoldii",
  "240": "Calogaya decipiens",
  "241": "Calogaya pusilla",
  "242": "Calogaya saxicola",
  "243": "Calonarius albertii",
  "244": "Calonarius alcalinophilus",
  "245": "Calonarius arcuatorum",
  "246": "Calonarius callochrous",
  "247": "Calonarius catharinae",
  "248": "Calonarius cisticola",
  "249": "Calonarius citrinus",
  "250": "Calonarius elegantissimus",
  "251": "Calonarius fulvocitrinus",
  "252": "Calonarius humolens",
  "253": "Calonarius langeorum",
  "254": "Calonarius lilacinovelatus",
  "255": "Calonarius odoratus",
  "256": "Calonarius olearioides",
  "257": "Calonarius platypus",
  "258": "Calonarius rufo-olivaceus",
  "259": "Calonarius selandicus",
  "260": "Calonarius sodagnitus",
  "261": "Calonarius splendens",
  "262": "Calonarius suaveolens",
  "263": "Calonarius violaceipes",
  "264": "Calonarius xanthochlorus",
  "265": "Caloplaca chlorina",
  "266": "Caloscypha fulgens",
  "267": "Calosphaeria pulchella",
  "268": "Calycina alniella",
  "269": "Calycina citrina",
  "270": "Calycina claroflava",
  "271": "Calycina herbarum",
  "272": "Calycina vulgaris",
  "273": "Calyptella campanula",
  "274": "Calyptella capula",
  "275": "Calyptella gibbosa",
  "276": "Calyptospora columnaris",
  "277": "Camarophyllopsis atrovelutina",
  "278": "Camarophyllopsis schulzeri",
  "279": "Camaropella lutea",
  "280": "Camarops polysperma",
  "281": "Camarops tubulina",
  "282": "Campanella caesia",
  "283": "Odonticium septocystidia",
  "284": "Candelaria concolor",
  "285": "Candelaria pacifica",
  "286": "Candelariella aurella",
  "287": "Candelariella coralliza",
  "288": "Candelariella reflexa",
  "289": "Candelariella vitellina",
  "290": "Candolleomyces candolleanus",
  "291": "Candolleomyces leucotephrus",
  "292": "Candolleomyces typhae",
  "293": "Cantharellula umbonata",
  "294": "Cantharellus amethysteus",
  "295": "Cantharellus cibarius",
  "296": "Cantharellus friesii",
  "297": "Cantharellus pallens",
  "298": "Capitotricha bicolor",
  "299": "Capitotricha rubi",
  "300": "Capronia nigerrima",
  "301": "Catinella olivacea",
  "302": "Cellypha goldbachii",
  "303": "Cenangium ferruginosum",
  "304": "Cephalotrichum stemonitis",
  "305": "Crystallicutis serpens",
  "306": "Ceratellopsis acuminata",
  "307": "Ceratiomyxa fruticulosa",
  "308": "Cerioporus squamosus",
  "309": "Cerioporus varius",
  "310": "Ceriporia excelsa",
  "311": "Ceriporia purpurea",
  "312": "Ceriporia reticulata",
  "313": "Ceriporia viridans",
  "314": "Raduliporus aneirinus",
  "315": "Mycoacia gilvescens",
  "316": "Resiniporus resinascens",
  "317": "Cerrena unicolor",
  "318": "Cetraria aculeata",
  "319": "Cetraria islandica",
  "320": "Cetraria muricata",
  "321": "Cetraria sepincola",
  "322": "Chaenotheca ferruginea",
  "323": "Chaenotheca trichialis",
  "324": "Chaetosphaerella phaeostroma",
  "325": "Chalciporus piperatus",
  "326": "Chamaemyces fracidus",
  "327": "Cheilymenia fimicola",
  "328": "Cheilymenia granulata",
  "329": "Cheilymenia stercorea",
  "330": "Cheilymenia vitellina",
  "331": "Chlorociboria aeruginascens",
  "332": "Chlorophyllum brunneum",
  "333": "Chlorophyllum olivieri",
  "334": "Chlorophyllum rhacodes",
  "335": "Chloroscypha seaveri",
  "336": "Chondrostereum purpureum",
  "337": "Chromocyphella muscicola",
  "338": "Chroogomphus rutilus",
  "339": "Chrysomphalina chrysophylla",
  "340": "Chrysomphalina grossula",
  "341": "Chrysothrix candelaris",
  "342": "Ciboria amentacea",
  "343": "Ciboria batschiana",
  "344": "Ciboria caucus",
  "345": "Ciboria rufofusca",
  "346": "Ciboria viridifusca",
  "347": "Cinereomyces lindbladii",
  "348": "Circinaria caesiocinerea",
  "349": "Circinaria contorta",
  "350": "Cistella acuum",
  "351": "Polyporus umbellatus",
  "352": "Cladonia arbuscula",
  "353": "Cladonia borealis",
  "354": "Cladonia caespiticia",
  "355": "Cladonia cenotea",
  "356": "Cladonia cervicornis",
  "357": "Cladonia chlorophaea",
  "358": "Cladonia ciliata",
  "359": "Cladonia coniocraea",
  "360": "Cladonia cornuta",
  "361": "Cladonia crispata",
  "362": "Cladonia digitata",
  "363": "Cladonia diversa",
  "364": "Cladonia fimbriata",
  "365": "Cladonia floerkeana",
  "366": "Cladonia foliacea",
  "367": "Cladonia furcata",
  "368": "Cladonia glauca",
  "369": "Cladonia gracilis",
  "370": "Cladonia humilis",
  "371": "Cladonia incrassata",
  "372": "Cladonia macilenta",
  "373": "Cladonia merochlorophaea",
  "374": "Cladonia mitis",
  "375": "Cladonia ochrochlora",
  "376": "Cladonia phyllophora",
  "377": "Cladonia polydactyla",
  "378": "Cladonia portentosa",
  "379": "Cladonia pyxidata",
  "380": "Cladonia ramulosa",
  "381": "Cladonia rangiferina",
  "382": "Cladonia rangiformis",
  "383": "Cladonia scabriuscula",
  "384": "Cladonia squamosa",
  "385": "Cladonia stygia",
  "386": "Cladonia subulata",
  "387": "Cladonia sulphurina",
  "388": "Cladonia uncialis",
  "389": "Cladonia cervicornis",
  "390": "Cladonia zopfii",
  "391": "Clathrus archeri",
  "392": "Clathrus ruber",
  "393": "Clavaria amoenoides",
  "394": "Clavaria argillacea",
  "395": "Clavaria falcata",
  "396": "Clavaria flavipes",
  "397": "Clavaria fragilis",
  "398": "Clavaria fumosa",
  "399": "Clavaria incarnata",
  "400": "Clavaria sphagnicola",
  "401": "Clavaria tenuipes",
  "402": "Clavaria zollingeri",
  "403": "Clavariadelphus pistillaris",
  "404": "Claviceps purpurea",
  "405": "Clavicorona taxophila",
  "406": "Clavulinopsis corniculata",
  "407": "Clavulinopsis fusiformis",
  "408": "Clavulinopsis helvola",
  "409": "Clavulinopsis laeticolor",
  "410": "Clavulinopsis luteoalba",
  "411": "Clavulinopsis rufipes",
  "412": "Clavulinopsis umbrinella",
  "413": "Climacocystis borealis",
  "414": "Climacodon septentrionalis",
  "415": "Cliostomum griffithii",
  "416": "Clitocybe agrestis",
  "417": "Clitocybe barbularum",
  "418": "Clitocybe diatreta",
  "419": "Clitocybe fragrans",
  "420": "Clitocybe metachroa",
  "421": "Lepista metachroides",
  "422": "Clitocybe nebularis",
  "423": "Clitocybe nebularis",
  "424": "Clitocybe amarescens",
  "425": "Clitocybe obsoleta",
  "426": "Clitocybe odora",
  "427": "Clitocybe phyllophila",
  "428": "Clitocybe rivulosa",
  "429": "Clitocybe subspadicea",
  "430": "Clitocybe vibecina",
  "431": "Clitopaxillus fibulatus",
  "432": "Clitopilus hobsonii",
  "433": "Clitopilus prunulus",
  "434": "Clitopilus scyphoides",
  "435": "Coenogonium pineti",
  "436": "Quasipucciniastrum ochraceum",
  "437": "Coleosporium senecionis",
  "438": "Coleosporium sonchi",
  "439": "Coleosporium telekiae",
  "440": "Coleosporium tussilaginis",
  "441": "Collaria arcyrionema",
  "442": "Collybia cirrhata",
  "443": "Collybia cookei",
  "444": "Collybia tuberosa",
  "445": "Collybiopsis confluens",
  "446": "Collybiopsis peronata",
  "447": "Collybiopsis quercophila",
  "448": "Collybiopsis ramealis",
  "449": "Collybiopsis vaillantii",
  "450": "Colpoma quercinum",
  "451": "Coltricia confluens",
  "452": "Coltricia perennis",
  "453": "Comatricha nigra",
  "454": "Coniophora arida",
  "455": "Coniophora puteana",
  "456": "Connopus acervatus",
  "457": "Conocybe apala",
  "458": "Conocybe alboradicans",
  "459": "Conocybe apala",
  "460": "Conocybe aurea",
  "461": "Conocybe brunneidisca",
  "462": "Conocybe inocybeoides",
  "463": "Conocybe macrocephala",
  "464": "Conocybe pubescens",
  "465": "Conocybe pulchella",
  "466": "Conocybe rickeniana",
  "467": "Conocybe rickenii",
  "468": "Conocybe semiglobata",
  "469": "Conocybe siliginea",
  "470": "Conocybe subovalis",
  "471": "Conocybe subpubescens",
  "472": "Coprinellus deliquescens",
  "473": "Coprinellus disseminatus",
  "474": "Coprinellus domesticus",
  "475": "Coprinellus flocculosus",
  "476": "Coprinellus heptemerus",
  "477": "Coprinellus micaceus",
  "478": "Coprinellus pusillulus",
  "479": "Coprinellus radians",
  "480": "Tulosesus subimpatiens",
  "481": "Coprinellus xanthothrix",
  "482": "Coprinopsis acuminata",
  "483": "Coprinopsis atramentaria",
  "484": "Coprinopsis candidata",
  "485": "Coprinopsis canoceps",
  "486": "Coprinopsis cinerea",
  "487": "Coprinopsis cortinata",
  "488": "Coprinopsis echinospora",
  "489": "Coprinopsis friesii",
  "490": "Coprinopsis gonophylla",
  "491": "Coprinopsis insignis",
  "492": "Coprinopsis jonesii",
  "493": "Coprinopsis kubickae",
  "494": "Coprinopsis laanii",
  "495": "Coprinopsis lagopus",
  "496": "Coprinopsis luteocephala",
  "497": "Coprinopsis macrocephala",
  "498": "Coprinopsis marcescibilis",
  "499": "Coprinopsis martinii",
  "500": "Coprinopsis mitrispora",
  "501": "Coprinopsis narcotica",
  "502": "Coprinopsis nivea",
  "503": "Coprinopsis pannucioides",
  "504": "Coprinopsis phaeospora",
  "505": "Coprinopsis picacea",
  "506": "Coprinopsis poliomalla",
  "507": "Coprinopsis pseudofriesii",
  "508": "Coprinopsis pseudonivea",
  "509": "Coprinopsis radiata",
  "510": "Coprinopsis romagnesiana",
  "511": "Coprinopsis semitalis",
  "512": "Coprinopsis stercorea",
  "513": "Coprinopsis tigrinella",
  "514": "Coprinopsis tuberosa",
  "515": "Coprinopsis urticicola",
  "516": "Coprinus comatus",
  "517": "Coprinus sterquilinus",
  "518": "Cordyceps farinosa",
  "519": "Cordyceps militaris",
  "520": "Corticium roseum",
  "521": "Cortinarius acutus",
  "522": "Cortinarius alboviolaceus",
  "523": "Cortinarius americanus",
  "524": "Cortinarius anthracinus",
  "525": "Cortinarius armeniacus",
  "526": "Cortinarius armillatus",
  "527": "Cortinarius decipiens",
  "528": "Cortinarius anomalus",
  "529": "Cortinarius bataillei",
  "530": "Cortinarius bergeronii",
  "531": "Cortinarius bibulus",
  "532": "Cortinarius bivelus",
  "533": "Cortinarius bolaris",
  "534": "Cortinarius brunneus",
  "535": "Cortinarius bulliardii",
  "536": "Cortinarius cagei",
  "537": "Cortinarius camphoratus",
  "538": "Cortinarius caninus",
  "539": "Cortinarius caperatus",
  "540": "Cortinarius chrysolitus",
  "541": "Cortinarius cinnabarinus",
  "542": "Cortinarius cinnamomeus",
  "543": "Cortinarius collinitoides",
  "544": "Cortinarius collinitus",
  "545": "Cortinarius comptulus",
  "546": "Cortinarius cotoneus",
  "547": "Cortinarius danicus",
  "548": "Cortinarius decipiens",
  "549": "Cortinarius delibutus",
  "550": "Cortinarius elatior",
  "551": "Cortinarius flexipes",
  "552": "Cortinarius fuscoalbus",
  "553": "Cortinarius fusisporus",
  "554": "Cortinarius gentilis",
  "555": "Cortinarius geraniolens",
  "556": "Cortinarius griseocarneus",
  "557": "Cortinarius helvelloides",
  "558": "Cortinarius hemitrichus",
  "559": "Cortinarius hinnuleus",
  "560": "Cortinarius humicola",
  "561": "Cortinarius inconspicuus",
  "562": "Cortinarius kauffmanianus",
  "563": "Cortinarius laniger",
  "564": "Cortinarius lebretonii",
  "565": "Cortinarius anomalus",
  "566": "Cortinarius livido-ochraceus",
  "567": "Cortinarius lucorum",
  "568": "Cortinarius malachius",
  "569": "Cortinarius malicorius",
  "570": "Cortinarius mucifluus",
  "571": "Cortinarius mucosus",
  "572": "Cortinarius nigrocuspidatus",
  "573": "Cortinarius olivaceofuscus",
  "574": "Cortinarius parvannulatus",
  "575": "Cortinarius phaeosmus",
  "576": "Cortinarius pholideus",
  "577": "Cortinarius pilatii",
  "578": "Cortinarius pinisquamulosus",
  "579": "Thaxterogaster pluvius",
  "580": "Cortinarius pratensis",
  "581": "Cortinarius sanguineus",
  "582": "Cortinarius purpureus",
  "583": "Cortinarius quarciticus",
  "584": "Calonarius quercilicis",
  "585": "Cortinarius quercoconicus",
  "586": "Cortinarius raphanoides",
  "587": "Cortinarius rubellus",
  "588": "Cortinarius sanguineus",
  "589": "Cortinarius saniosus",
  "590": "Cortinarius saturninus",
  "591": "Cortinarius spilomeus",
  "592": "Cortinarius stillatitius",
  "593": "Cortinarius stipitemirus",
  "594": "Cortinarius subfusipes",
  "595": "Cortinarius subtortus",
  "596": "Cortinarius tabularis",
  "597": "Cortinarius torvus",
  "598": "Cortinarius traganus",
  "599": "Cortinarius trivialis",
  "600": "Cortinarius turgidus",
  "601": "Cortinarius uliginosus",
  "602": "Cortinarius umbrinolens",
  "603": "Cortinarius urbicus",
  "604": "Cortinarius venetus",
  "605": "Cortinarius venustus",
  "606": "Cortinarius vernus",
  "607": "Cortinarius violaceus",
  "608": "Cosmospora arxii",
  "609": "Cotylidia pannosa",
  "610": "Cantharellus cinereus",
  "611": "Craterellus cornucopioides",
  "612": "Craterellus lutescens",
  "613": "Cantharellus melanoxeros",
  "614": "Craterellus tubaeformis",
  "615": "Craterellus undulatus",
  "616": "Craterium minutum",
  "617": "Crepidotus applanatus",
  "618": "Crepidotus autochthonus",
  "619": "Crepidotus calolepis",
  "620": "Crepidotus caspari",
  "621": "Crepidotus cesatii",
  "622": "Crepidotus cinnabarinus",
  "623": "Crepidotus epibryus",
  "624": "Crepidotus kubickae",
  "625": "Crepidotus luteolus",
  "626": "Crepidotus mollis",
  "627": "Pellidiscus pallidus",
  "628": "Crepidotus stenocystis",
  "629": "Crepidotus variabilis",
  "630": "Cribraria argillacea",
  "631": "Cribraria aurantiaca",
  "632": "Cribraria cancellata",
  "633": "Crinipellis scabella",
  "634": "Cristinia coprophila",
  "635": "Cristinia eichleri",
  "636": "Cristinia helvetica",
  "637": "Cronartium ribicola",
  "638": "Crucibulum crucibuliforme",
  "639": "Cryptocoryneum condensatum",
  "640": "Cytospora populina",
  "641": "Camarosporidiella laburni",
  "642": "Cudonia circinans",
  "643": "Cudoniella acicularis",
  "644": "Cudoniella clavus",
  "645": "Cudoniella tenuispora",
  "646": "Cumminsiella mirabilissima",
  "647": "Cuphophyllus pratensis",
  "648": "Cuphophyllus colemannianus",
  "649": "Cuphophyllus flavipes",
  "650": "Cuphophyllus fornicatus",
  "651": "Cuphophyllus virgineus",
  "652": "Cuphophyllus lacmus",
  "653": "Cuphophyllus virgineus",
  "654": "Cuphophyllus pratensis",
  "655": "Cuphophyllus russocoriaceus",
  "656": "Cuphophyllus virgineus",
  "657": "Cyanoboletus pulverulentus",
  "658": "Cyanosporus alni",
  "659": "Cyanosporus caesius",
  "660": "Cyathicula coronata",
  "661": "Cyathicula cyathoidea",
  "662": "Cyathus olla",
  "663": "Cyathus striatus",
  "664": "Cyclocybe erebia",
  "665": "Cylindrium aeruginosum",
  "666": "Cylindrobasidium evolvens",
  "667": "Cystoagaricus lepidotoides",
  "668": "Cystoderma amianthinum",
  "669": "Cystoderma carcharias",
  "670": "Cystoderma jasonis",
  "671": "Cystoderma simulatum",
  "672": "Cystodermella adnatifolia",
  "673": "Cystodermella cinnabarina",
  "674": "Cystodermella granulosa",
  "675": "Cystolepiota adulterina",
  "676": "Cystolepiota bucknallii",
  "677": "Cystolepiota hetieri",
  "678": "Cystolepiota icterina",
  "679": "Cystolepiota moelleri",
  "680": "Cystolepiota seminuda",
  "681": "Cytospora chrysosperma",
  "682": "Cytospora nivea",
  "683": "Cytospora populina",
  "684": "Dacrymyces capitatus",
  "685": "Dacrymyces lacrymalis",
  "686": "Dacrymyces minor",
  "687": "Dacrymyces stillatus",
  "688": "Dacryobolus karstenii",
  "689": "Dacryonaema macnabbii",
  "690": "Daedalea quercina",
  "691": "Daedaleopsis confragosa",
  "692": "Daldinia concentrica",
  "693": "Daldinia decipiens",
  "694": "Daleomyces petersii",
  "695": "Daleomyces phillipsii",
  "696": "Dasyscyphella nivea",
  "697": "Podofomes mollis",
  "698": "Deconica coprophila",
  "699": "Deconica crobula",
  "700": "Deconica horizontalis",
  "701": "Deconica inquilina",
  "702": "Deconica merdaria",
  "703": "Deconica montana",
  "704": "Deconica phillipsii",
  "705": "Deconica phyllogena",
  "706": "Psilocybe subviscida",
  "707": "Delicatula integrella",
  "708": "Dendrocollybia racemosa",
  "709": "Dendrographa decolorans",
  "710": "Dendrostilbella smaragdina",
  "711": "Dendrothele acerina",
  "712": "Dendrothele citrisporella",
  "713": "Dendrothele commixta",
  "714": "Dendrothele pachysterigmata",
  "715": "Dendryphion comosum",
  "716": "Dermea cerasi",
  "717": "Dermea prunastri",
  "718": "Dermoloma cuneifolium",
  "719": "Dermoloma pseudocuneifolium",
  "720": "Desarmillaria ectypa",
  "721": "Desmazierella acicola",
  "722": "Dialonectria diatrypicola",
  "723": "Dialonectria episphaeria",
  "724": "Dialonectria magnusiana",
  "725": "Diaporthe samaricola",
  "726": "Diaporthe stictica",
  "727": "Diaporthe strumella",
  "728": "Diaporthopsis urticae",
  "729": "Diatrype bullata",
  "730": "Diatrype decorticata",
  "731": "Diatrype disciformis",
  "732": "Diatrypella quercina",
  "733": "Diatrype stigma",
  "734": "Diatrypella favacea",
  "735": "Diatrypella favacea",
  "736": "Dibaeis baeomyces",
  "737": "Szczepkamyces campestris",
  "738": "Dictydiaethalium plumbeum",
  "739": "Diderma deplanatum",
  "740": "Diderma hemisphaericum",
  "741": "Diderma spumarioides",
  "742": "Didymium bahiense",
  "743": "Didymium difforme",
  "744": "Didymium melanospermum",
  "745": "Didymium squamulosum",
  "746": "Digitodochium rhodoleucum",
  "747": "Diplocarpon rosae",
  "748": "Sphaeropsis sapinea",
  "749": "Diploicia canescens",
  "750": "Diplomitoporus flavescens",
  "751": "Diploschistes muscorum",
  "752": "Diplotomma alboatrum",
  "753": "Disciotis venosa",
  "754": "Dissingia confusa",
  "755": "Dissingia leucomelaena",
  "756": "Dissoderma odoratum",
  "757": "Ditiola radicata",
  "758": "Dothiora ribesia",
  "759": "Dumontinia tuberosa",
  "760": "Durella atrocyanea",
  "761": "Durella connivens",
  "762": "Durella macrospora",
  "763": "Echinoderma asperum",
  "764": "Echinoderma echinaceum",
  "765": "Echinoderma hystrix",
  "766": "Echinoderma jacobi",
  "767": "Echinoderma perplexum",
  "768": "Echinosphaeria canescens",
  "769": "Echinosphaeria strigosa",
  "770": "Efibula tuberculata",
  "771": "Elaphomyces granulatus",
  "772": "Elaphomyces muricatus",
  "773": "Enchylium limosum",
  "774": "Enchylium tenax",
  "775": "Encoelia furfuracea",
  "776": "Enerthenema papillatum",
  "777": "Enterographa crassa",
  "778": "Entoloma allochroum",
  "779": "Entoloma allospermum",
  "780": "Entoloma ameides",
  "781": "Entoloma aprile",
  "782": "Entoloma araneosum",
  "783": "Entoloma asprellum",
  "784": "Entoloma atrocoeruleum",
  "785": "Entoloma bryorum",
  "786": "Entoloma byssisedum",
  "787": "Entoloma caesiocinctum",
  "788": "Entoloma cetratum",
  "789": "Entoloma chalybeum",
  "790": "Entoloma clandestinum",
  "791": "Entoloma clypeatum",
  "792": "Entoloma conferendum",
  "793": "Entoloma cuneatum",
  "794": "Entoloma dysthales",
  "795": "Entoloma dysthaloides",
  "796": "Entoloma elodes",
  "797": "Entoloma euchroum",
  "798": "Entoloma exile",
  "799": "Entoloma fernandae",
  "800": "Entoloma formosum",
  "801": "Entoloma griseocyaneum",
  "802": "Entoloma hebes",
  "803": "Entoloma incanum",
  "804": "Entoloma incarnatofuscescens",
  "805": "Entoloma infula",
  "806": "Entoloma jahnii",
  "807": "Entoloma jubatum",
  "808": "Entoloma lampropus",
  "809": "Entoloma chalybeum",
  "810": "Entoloma lividoalbum",
  "811": "Entoloma longistriatum",
  "812": "Entoloma lucidum",
  "813": "Entoloma minutum",
  "814": "Entoloma mougeotii",
  "815": "Entoloma neglectum",
  "816": "Entocybe nitida",
  "817": "Entoloma pallescens",
  "818": "Entoloma placidum",
  "819": "Entoloma pleopodium",
  "820": "Entoloma poliopus",
  "821": "Entoloma politum",
  "822": "Entoloma porphyrogriseum",
  "823": "Entoloma porphyrophaeum",
  "824": "Entoloma prunuloides",
  "825": "Entoloma queletii",
  "826": "Entoloma rhodocylix",
  "827": "Entoloma rhodopolium",
  "828": "Entoloma sepium",
  "829": "Entoloma sericatum",
  "830": "Entoloma sericellum",
  "831": "Entoloma sericeum",
  "832": "Entoloma sinuatum",
  "833": "Entoloma sordidulum",
  "834": "Entoloma subradiatum",
  "835": "Entoloma tjallingiorum",
  "836": "Entocybe turbida",
  "837": "Entoloma turci",
  "838": "Entoloma undatum",
  "839": "Entoloma velenovskyi",
  "840": "Entoloma vernum",
  "841": "Entoloma viiduense",
  "842": "Entocybe vinacea",
  "843": "Entoloma vindobonense",
  "844": "Entoloma waverenii",
  "845": "Entomophaga grylli",
  "846": "Entomophthora muscae",
  "847": "Entyloma ficariae",
  "848": "Epichloe baconii",
  "849": "Epichloe clarkii",
  "850": "Epichloe typhina",
  "851": "Episphaeria fraxinicola",
  "852": "Epithele typhae",
  "853": "Eriopezia caesia",
  "854": "Erysiphe alphitoides",
  "855": "Erysiphe berberidis",
  "856": "Erysiphe circaeae",
  "857": "Erysiphe convolvuli",
  "858": "Erysiphe cruciferarum",
  "859": "Erysiphe divaricata",
  "860": "Erysiphe euonymi",
  "861": "Erysiphe heraclei",
  "862": "Erysiphe lonicerae",
  "863": "Erysiphe platani",
  "864": "Erysiphe polygoni",
  "865": "Erysiphe symphoricarpi",
  "866": "Erysiphe syringae-japonicae",
  "867": "Erysiphe trifoliorum",
  "868": "Erysiphe urticae",
  "869": "Erythricium aurantiacum",
  "870": "Erythricium laetum",
  "871": "Steccherinum fimbriatum",
  "872": "Eupezizella aureliella",
  "873": "Eutypa flavovirens",
  "874": "Eutypa lata",
  "875": "Eutypa maura",
  "876": "Eutypa spinosa",
  "877": "Eutypella prunastri",
  "878": "Eutypella sorbi",
  "879": "Evernia prunastri",
  "880": "Exidia glandulosa",
  "881": "Exidia nigricans",
  "882": "Exidia pithya",
  "883": "Exidia recisa",
  "884": "Exidia saccharina",
  "885": "Exidia thuretiana",
  "886": "Alloexidiopsis calcea",
  "887": "Exidiopsis effusa",
  "888": "Sebacina grisea",
  "889": "Mycoacia livida",
  "890": "Exobasidium pachysporum",
  "891": "Exobasidium rostrupii",
  "892": "Exobasidium vaccinii",
  "893": "Exophiala calicioides",
  "894": "Fellhanera bouteillei",
  "895": "Fistulina hepatica",
  "896": "Flagelloscypha minutissima",
  "897": "Flammocladiella decora",
  "898": "Flammula alnicola",
  "899": "Flammulaster carpophilus",
  "900": "Flammulaster ferrugineus",
  "901": "Flammulaster granulosus",
  "902": "Flammulaster limulatus",
  "903": "Flammulaster muricatus",
  "904": "Flammulaster carpophilus",
  "905": "Flammulina elastica",
  "906": "Flammulina fennae",
  "907": "Flammulina populicola",
  "908": "Flammulina velutipes",
  "909": "Flavoparmelia caperata",
  "910": "Flavoparmelia soredians",
  "911": "Flavoplaca citrina",
  "912": "Flavoplaca flavocitrina",
  "913": "Flavoplaca marina",
  "914": "Fomes fomentarius",
  "915": "Fomitiporia hippophaeicola",
  "916": "Fomitiporia punctata",
  "917": "Fomitiporia robusta",
  "918": "Fomitopsis betulina",
  "919": "Fomitopsis pinicola",
  "920": "Antrodiella mentschulensis",
  "921": "Fuligo leviderma",
  "922": "Fuligo septica",
  "923": "Fusarium roseum",
  "924": "Fuscoporia contigua",
  "925": "Fuscoporia ferrea",
  "926": "Fuscoporia ferruginosa",
  "927": "Fuscopostia fragilis",
  "928": "Peziza saniosa",
  "929": "Galerina atkinsoniana",
  "930": "Galerina badipes",
  "931": "Galerina calyptrata",
  "932": "Galerina cephalotricha",
  "933": "Galerina cinctula",
  "934": "Galerina clavata",
  "935": "Galerina esteve-raventosii",
  "936": "Galerina graminea",
  "937": "Galerina hybrida",
  "938": "Galerina hypnorum",
  "939": "Galerina jaapii",
  "940": "Galerina mairei",
  "941": "Galerina marginata",
  "942": "Galerina mniophila",
  "943": "Galerina nana",
  "944": "Galerina paludosa",
  "945": "Galerina pumila",
  "946": "Galerina sideroides",
  "947": "Galerina subclavata",
  "948": "Galerina triscopa",
  "949": "Galerina vittiformis",
  "950": "Gamundia striatula",
  "951": "Gamundia xerophila",
  "952": "Ganoderma adspersum",
  "953": "Ganoderma applanatum",
  "954": "Ganoderma lucidum",
  "955": "Ganoderma pfeifferi",
  "956": "Ganoderma resinaceum",
  "957": "Geastrum coronatum",
  "958": "Geastrum fimbriatum",
  "959": "Geastrum melanocephalum",
  "960": "Geastrum michelianum",
  "961": "Geastrum minimum",
  "962": "Geastrum pectinatum",
  "963": "Geastrum quadrifidum",
  "964": "Geastrum rufescens",
  "965": "Geastrum striatum",
  "966": "Geastrum striatum",
  "967": "Gemmina gemmarum",
  "968": "Geoglossum cookeianum",
  "969": "Hemileucoglossum elongatum",
  "970": "Geoglossum fallax",
  "971": "Geoglossum starbaeckii",
  "972": "Geoglossum umbratile",
  "973": "Geopora arenicola",
  "974": "Geopora cervina",
  "975": "Geopora sumneriana",
  "976": "Geopora tenuis",
  "977": "Geoscypha tenacella",
  "978": "Gerhardtia borealis",
  "979": "Gibellula arachnophila",
  "980": "Gibellula pulchra",
  "981": "Gliophorus europerplexus",
  "982": "Gliophorus irrigatus",
  "983": "Gliophorus laetus",
  "984": "Gliophorus psittacinus",
  "985": "Globulicium hiemale",
  "986": "Gloeocystidiellum porosum",
  "987": "Gloeohypochnicium analogum",
  "988": "Gloeophyllum abietinum",
  "989": "Gloeophyllum sepiarium",
  "990": "Vitreoporus dichrous",
  "991": "Gloeoporus pannocinctus",
  "992": "Gloiocephala menieri",
  "993": "Gloiothele lactescens",
  "994": "Gloioxanthomyces vitellinus",
  "995": "Glutinoglossum glutinosum",
  "996": "Glutinoglossum heptaseptatum",
  "997": "Glyphium elatum",
  "998": "Ophiognomonia leptostyla",
  "999": "Godronia ribis",
  "1000": "Godronia uberiformis",
  "1001": "Golovinomyces artemisiae",
  "1002": "Golovinomyces asperifolii",
  "1003": "Golovinomyces asperifoliorum",
  "1004": "Golovinomyces depressus",
  "1005": "Golovinomyces sonchicola",
  "1006": "Golovinomyces sordidus",
  "1007": "Golovinomyces verbasci",
  "1008": "Gomphidius glutinosus",
  "1009": "Gomphidius maculatus",
  "1010": "Gomphidius roseus",
  "1011": "Gomphus clavatus",
  "1012": "Granulobasidium vellereum",
  "1013": "Graphis scripta",
  "1014": "Grifola frondosa",
  "1015": "Pachyphiale carneola",
  "1016": "Gymnopilus penetrans",
  "1017": "Gymnopilus picreus",
  "1018": "Gymnopilus spectabilis",
  "1019": "Gymnopus androsaceus",
  "1020": "Gymnopus aquosus",
  "1021": "Gymnopus brassicolens",
  "1022": "Gymnopus dryophilus",
  "1023": "Gymnopus erythropus",
  "1024": "Gymnopus fagiphilus",
  "1025": "Gymnopus foetidus",
  "1026": "Gymnopus fuscopurpureus",
  "1027": "Gymnopus fusipes",
  "1028": "Gymnopus hariolorum",
  "1029": "Gymnopus impudicus",
  "1030": "Gymnopus inodorus",
  "1031": "Gymnopus ocior",
  "1032": "Gymnosporangium clavariiforme",
  "1033": "Gymnosporangium confusum",
  "1034": "Gymnosporangium cornutum",
  "1035": "Gymnosporangium sabinae",
  "1036": "Gyrodon lividus",
  "1037": "Discina ancilis",
  "1038": "Gyromitra esculenta",
  "1039": "Gyromitra gigas",
  "1040": "Gyromitra infula",
  "1041": "Gyromitra parma",
  "1042": "Gyrophanopsis polonensis",
  "1043": "Gyroporus castaneus",
  "1044": "Gyroporus cyanescens",
  "1045": "Haematomma ochroleucum",
  "1046": "Hapalopilus rutilans",
  "1047": "Hebeloma aanenii",
  "1048": "Hebeloma aestivale",
  "1049": "Hebeloma album",
  "1050": "Hebeloma birrus",
  "1051": "Hebeloma cavipes",
  "1052": "Hebeloma crustuliniforme",
  "1053": "Hebeloma cylindrosporum",
  "1054": "Hebeloma eburneum",
  "1055": "Hebeloma fusisporum",
  "1056": "Hebeloma helodes",
  "1057": "Hebeloma incarnatulum",
  "1058": "Hebeloma laterinum",
  "1059": "Hebeloma mesophaeum",
  "1060": "Hebeloma nigellum",
  "1061": "Hebeloma pusillum",
  "1062": "Hebeloma radicosum",
  "1063": "Hebeloma sacchariolens",
  "1064": "Hebeloma sinapizans",
  "1065": "Hebeloma theobrominum",
  "1066": "Hebeloma vaccinum",
  "1067": "Hebeloma leucosarx",
  "1068": "Helicobasidium purpureum",
  "1069": "Helminthosphaeria clavariarum",
  "1070": "Helminthosporium oligosporum",
  "1071": "Helminthosporium velutinum",
  "1072": "Helvella acetabulum",
  "1073": "Helvella corium",
  "1074": "Helvella crispa",
  "1075": "Helvella elastica",
  "1076": "Helvella atra",
  "1077": "Helvella fibrosa",
  "1078": "Helvella lacunosa",
  "1079": "Helvella levis",
  "1080": "Helvella macropus",
  "1081": "Helvella solitaria",
  "1082": "Helvella sublicia",
  "1083": "Hemileccinum impolitum",
  "1084": "Hemimycena candida",
  "1085": "Hemimycena hirsuta",
  "1086": "Hemimycena cucullata",
  "1087": "Hemimycena lactea",
  "1088": "Hemimycena mairei",
  "1089": "Hemimycena tortuosa",
  "1090": "Pholiota heteroclita",
  "1091": "Pholiota populnea",
  "1092": "Hemitrichia clavata",
  "1093": "Henningsomyces candidus",
  "1094": "Henningsomyces puber",
  "1095": "Hericium cirrhatum",
  "1096": "Hericium coralloides",
  "1097": "Hericium erinaceus",
  "1098": "Heterobasidion annosum",
  "1099": "Heterobasidion parviporum",
  "1100": "Heteromycophaga glandulosae",
  "1101": "Heteroradulum deglubens",
  "1102": "Hodophilus atropunctus",
  "1103": "Hodophilus foetens",
  "1104": "Hodophilus variabilipes",
  "1105": "Hohenbuehelia atrocoerulea",
  "1106": "Hohenbuehelia auriscalpium",
  "1107": "Hohenbuehelia cyphelliformis",
  "1108": "Hohenbuehelia fluxilis",
  "1109": "Hohenbuehelia mastrucata",
  "1110": "Hohenbuehelia petaloides",
  "1111": "Holwaya mucida",
  "1112": "Homophron cernuum",
  "1113": "Homophron spadiceum",
  "1114": "Coleroa robertiani",
  "1115": "Hortiboletus bubalinus",
  "1116": "Hortiboletus engelii",
  "1117": "Hortiboletus rubellus",
  "1118": "Humaria hemisphaerica",
  "1119": "Hyaloperonospora dentariae",
  "1120": "Hyaloperonospora niessliana",
  "1121": "Hyalorbilia inflatula",
  "1122": "Hyaloscypha daedaleae",
  "1123": "Hyaloscypha minuta",
  "1124": "Hydnellum aurantiacum",
  "1125": "Hydnellum auratile",
  "1126": "Hydnellum caeruleum",
  "1127": "Hydnellum concrescens",
  "1128": "Hydnellum cumulatum",
  "1129": "Hydnellum fagiscabrosum",
  "1130": "Hydnellum ferrugineum",
  "1131": "Hydnellum lepidum",
  "1132": "Hydnellum nemorosum",
  "1133": "Hydnellum peckii",
  "1134": "Hydnellum scabrosum",
  "1135": "Hydnellum spongiosipes",
  "1136": "Hydnocristella himantia",
  "1137": "Hydnoporia corrugata",
  "1138": "Hydnoporia tabacina",
  "1139": "Hydnotrya cubispora",
  "1140": "Hydnotrya tulasnei",
  "1141": "Hydnum ellipsosporum",
  "1142": "Hydnum repandum",
  "1143": "Hydnum repandum",
  "1144": "Hydnum rufescens",
  "1145": "Hydnum slovenicum",
  "1146": "Hydnum umbilicatum",
  "1147": "Hydnum vesterholtii",
  "1148": "Hydropisphaera peziza",
  "1149": "Hydropodia subalpina",
  "1150": "Hydropunctaria maura",
  "1151": "Hygrocybe acutoconica",
  "1152": "Hygrocybe aurantiosplendens",
  "1153": "Hygrocybe calciphila",
  "1154": "Hygrocybe cantharellus",
  "1155": "Hygrocybe ceracea",
  "1156": "Hygrocybe chlorophana",
  "1157": "Hygrocybe citrinovirens",
  "1158": "Hygrocybe coccinea",
  "1159": "Hygrocybe coccineocrenata",
  "1160": "Hygrocybe conica",
  "1161": "Hygrocybe conicoides",
  "1162": "Hygrocybe glutinipes",
  "1163": "Hygrocybe helobia",
  "1164": "Hygrocybe insipida",
  "1165": "Hygrocybe intermedia",
  "1166": "Hygrocybe acutoconica",
  "1167": "Hygrocybe miniata",
  "1168": "Hygrocybe mucronella",
  "1169": "Hygrocybe conica",
  "1170": "Hygrocybe phaeococcinea",
  "1171": "Hygrocybe punicea",
  "1172": "Hygrocybe quieta",
  "1173": "Hygrocybe reidii",
  "1174": "Hygrocybe spadicea",
  "1175": "Hygrocybe splendidissima",
  "1176": "Hygrocybe subpapillata",
  "1177": "Hygrocybe substrangulata",
  "1178": "Hygrocybe turunda",
  "1179": "Hygrophoropsis aurantiaca",
  "1180": "Hygrophoropsis pallida",
  "1181": "Hygrophoropsis rufa",
  "1182": "Hygrophorus agathosmus",
  "1183": "Hygrophorus camarophyllus",
  "1184": "Hygrophorus chrysodon",
  "1185": "Hygrophorus discoxanthus",
  "1186": "Hygrophorus eburneus",
  "1187": "Hygrophorus glutinifer",
  "1188": "Hygrophorus hypothejus",
  "1189": "Hygrophorus mesotephrus",
  "1190": "Hygrophorus nemoreus",
  "1191": "Hygrophorus olivaceoalbus",
  "1192": "Hygrophorus penarius",
  "1193": "Hygrophorus pustulatus",
  "1194": "Hygrophorus suaveolens",
  "1195": "Hygrophorus unicolor",
  "1196": "Hymenochaete rubiginosa",
  "1197": "Protoglossum niveum",
  "1198": "Hymenopellis radicata",
  "1199": "Hymenoscyphus calyculus",
  "1200": "Hymenoscyphus caudatus",
  "1201": "Hymenoscyphus calyculus",
  "1202": "Hymenoscyphus fagineus",
  "1203": "Hymenoscyphus fraxineus",
  "1204": "Hymenoscyphus fructigenus",
  "1205": "Hymenoscyphus imberbis",
  "1206": "Hymenoscyphus lutescens",
  "1207": "Hymenoscyphus menthae",
  "1208": "Hymenoscyphus scutula",
  "1209": "Hymenoscyphus serotinus",
  "1210": "Hyperphyscia adglutinata",
  "1211": "Hyphoderma medioburiense",
  "1212": "Hyphoderma roseocremeum",
  "1213": "Hyphoderma setigerum",
  "1214": "Hyphodermella corrugata",
  "1215": "Hyphodiscus hymeniophilus",
  "1216": "Hyphodontia alutaria",
  "1217": "Hyphodontia arguta",
  "1218": "Hyphodontia pallidula",
  "1219": "Hypholoma capnoides",
  "1220": "Hypholoma elongatum",
  "1221": "Hypholoma fasciculare",
  "1222": "Hypholoma lateritium",
  "1223": "Hypholoma marginatum",
  "1224": "Hypholoma radicosum",
  "1225": "Hypholoma subericaeum",
  "1226": "Bogbodia uda",
  "1227": "Hypocenomyce scalaris",
  "1228": "Hypocopra brefeldii",
  "1229": "Hypocreopsis lichenoides",
  "1230": "Hypoderma hederae",
  "1231": "Hypoderma rubi",
  "1232": "Hypogymnia physodes",
  "1233": "Hypogymnia tubulosa",
  "1234": "Hypomyces aurantius",
  "1235": "Hypomyces cervinus",
  "1236": "Hypomyces chrysospermus",
  "1237": "Hypomyces lateritius",
  "1238": "Hypomyces leotiicola",
  "1239": "Hypomyces luteovirens",
  "1240": "Hypomyces microspermus",
  "1241": "Hypomyces ochraceus",
  "1242": "Hypomyces papulasporae",
  "1243": "Hypomyces rosellus",
  "1244": "Hypomyces spadiceus",
  "1245": "Hypomyces stephanomatis",
  "1246": "Hypomyces tubariicola",
  "1247": "Hypotrachyna afrorevoluta",
  "1248": "Hypotrachyna revoluta",
  "1249": "Hypoxylon fragiforme",
  "1250": "Hypoxylon fuscoides",
  "1251": "Hypoxylon fuscum",
  "1252": "Hypoxylon howeanum",
  "1253": "Hypoxylon macrocarpum",
  "1254": "Hypoxylon petriniae",
  "1255": "Hypoxylon rubiginosum",
  "1256": "Hysterium acuminatum",
  "1257": "Hysterium pulicare",
  "1258": "Hysterobrevium smilacis",
  "1259": "Hysterostegiella valvata",
  "1260": "Icmadophila ericetorum",
  "1261": "Illosporiopsis christiansenii",
  "1262": "Imleria badia",
  "1263": "Imperator rhodopurpureus",
  "1264": "Imshaugia aleurites",
  "1265": "Incrucipulum ciliare",
  "1266": "Incrucipulum sulphurellum",
  "1267": "Clitocybe costata",
  "1268": "Infundibulicybe geotropa",
  "1269": "Infundibulicybe gibba",
  "1270": "Infundibulicybe squamulosa",
  "1271": "Inocutis rheades",
  "1272": "Inocybe acuta",
  "1273": "Inocybe appendiculata",
  "1274": "Inocybe asterospora",
  "1275": "Inocybe calospora",
  "1276": "Inocybe cincinnata",
  "1277": "Inocybe corydalina",
  "1278": "Inocybe curvipes",
  "1279": "Inocybe erinaceomorpha",
  "1280": "Inocybe fraudans",
  "1281": "Inocybe glabripes",
  "1282": "Inocybe godeyi",
  "1283": "Inocybe griseolilacina",
  "1284": "Inocybe haemacta",
  "1285": "Inocybe helobia",
  "1286": "Inocybe hirtella",
  "1287": "Inocybe incarnata",
  "1288": "Inocybe ionolepis",
  "1289": "Inocybe lacera",
  "1290": "Inocybe langei",
  "1291": "Inocybe lanuginosa",
  "1292": "Inocybe leptophylla",
  "1293": "Inocybe geophylla",
  "1294": "Inocybe melanopoda",
  "1295": "Inocybe minimispora",
  "1296": "Inocybe mixtilis",
  "1297": "Inocybe muricellata",
  "1298": "Inocybe napipes",
  "1299": "Inocybe cincinnata",
  "1300": "Inocybe paludinella",
  "1301": "Inocybe petiginosa",
  "1302": "Inocybe whitei",
  "1303": "Inocybe pusio",
  "1304": "Inocybe salicis",
  "1305": "Inocybe sambucina",
  "1306": "Inocybe sindonia",
  "1307": "Inocybe soluta",
  "1308": "Inocybe squarrosa",
  "1309": "Inocybe stellatospora",
  "1310": "Inocybe subcarpta",
  "1311": "Inocybe transitoria",
  "1312": "Inocybe xanthomelas",
  "1313": "Inonotus cuticularis",
  "1314": "Inonotus hispidus",
  "1315": "Inonotus obliquus",
  "1316": "Inocutis tamaricis",
  "1317": "Inosperma adaequatum",
  "1318": "Inosperma bongardii",
  "1319": "Inosperma calamistratum",
  "1320": "Inosperma erubescens",
  "1321": "Inosperma fulvum",
  "1322": "Inosperma maculatum",
  "1323": "Iodophanus carneus",
  "1324": "Ionomidotis fulvotingens",
  "1325": "Isaria friesii",
  "1326": "Ischnoderma benzoinum",
  "1327": "Ischnoderma resinosum",
  "1328": "Jackrogersella cohaerens",
  "1329": "Jackrogersella minutella",
  "1330": "Jackrogersella multiformis",
  "1331": "Steccherinum lacerum",
  "1332": "Junghuhnia nitida",
  "1333": "Karstenia rhopaloides",
  "1334": "Hyphodontia barba-jovis",
  "1335": "Kneiffia subalutacea",
  "1336": "Kretzschmaria deusta",
  "1337": "Kuehneola uredinis",
  "1338": "Kuehneromyces mutabilis",
  "1339": "Kurtia argillacea",
  "1340": "Laccaria amethystina",
  "1341": "Laccaria bicolor",
  "1342": "Laccaria laccata",
  "1343": "Laccaria maritima",
  "1344": "Laccaria proxima",
  "1345": "Laccaria purpureobadia",
  "1346": "Laccaria tortilis",
  "1347": "Lachnella alboviolascens",
  "1348": "Lachnella villosa",
  "1349": "Lachnellula calyciformis",
  "1350": "Lachnellula calycina",
  "1351": "Perrotia gallica",
  "1352": "Lachnellula occidentalis",
  "1353": "Lachnellula subtilissima",
  "1354": "Lachnum apalum",
  "1355": "Lachnum brevipilosum",
  "1356": "Lachnum controversum",
  "1357": "Lachnum impudicum",
  "1358": "Lachnum pudibundum",
  "1359": "Lachnum rhytismatis",
  "1360": "Lachnum tenuipilosum",
  "1361": "Lachnum tenuissimum",
  "1362": "Lachnum virgineum",
  "1363": "Lacrymaria lacrymabunda",
  "1364": "Lacrymaria pyrotricha",
  "1365": "Lactarius acerrimus",
  "1366": "Lactarius acris",
  "1367": "Lactarius albocarneus",
  "1368": "Lactarius aquizonatus",
  "1369": "Lactarius aspideus",
  "1370": "Lactarius aurantiacus",
  "1371": "Lactarius azonites",
  "1372": "Lactarius blennius",
  "1373": "Lactarius camphoratus",
  "1374": "Lactarius chrysorrheus",
  "1375": "Lactarius circellatus",
  "1376": "Lactarius controversus",
  "1377": "Lactarius cyathuliformis",
  "1378": "Lactarius decipiens",
  "1379": "Lactarius deliciosus",
  "1380": "Lactarius deterrimus",
  "1381": "Lactarius evosmus",
  "1382": "Lactarius flexuosus",
  "1383": "Lactarius fluens",
  "1384": "Lactarius fuliginosus",
  "1385": "Lactarius fulvissimus",
  "1386": "Lactarius glyciosmus",
  "1387": "Lactarius helvus",
  "1388": "Lactarius hepaticus",
  "1389": "Lactarius lacunarum",
  "1390": "Lactarius lignyotus",
  "1391": "Lactarius lilacinus",
  "1392": "Lactarius mammosus",
  "1393": "Lactarius musteus",
  "1394": "Lactarius necator",
  "1395": "Lactarius obscuratus",
  "1396": "Lactarius pallidus",
  "1397": "Lactarius porninsis",
  "1398": "Lactarius pterosporus",
  "1399": "Lactarius pubescens",
  "1400": "Lactarius pyrogalus",
  "1401": "Lactarius quieticolor",
  "1402": "Lactarius quietus",
  "1403": "Lactarius repraesentaneus",
  "1404": "Lactarius romagnesii",
  "1405": "Lactarius rostratus",
  "1406": "Lactarius rubrocinctus",
  "1407": "Lactarius rufus",
  "1408": "Lactarius ruginosus",
  "1409": "Lactarius salmonicolor",
  "1410": "Lactarius scoticus",
  "1411": "Lactarius serifluus",
  "1412": "Lactarius spinosulus",
  "1413": "Lactarius subdulcis",
  "1414": "Lactarius tabidus",
  "1415": "Lactarius torminosus",
  "1416": "Lactarius trivialis",
  "1417": "Lactarius uvidus",
  "1418": "Lactarius vietus",
  "1419": "Lactarius zonarius",
  "1420": "Lactifluus bertillonii",
  "1421": "Lactifluus glaucescens",
  "1422": "Lactifluus piperatus",
  "1423": "Lactifluus subvolemus",
  "1424": "Lactifluus vellereus",
  "1425": "Lactifluus volemus",
  "1426": "Laetiporus sulphureus",
  "1427": "Laetisaria fuciformis",
  "1428": "Lamproderma scintillans",
  "1429": "Lamprospora miniata",
  "1430": "Calvatia gigantea",
  "1431": "Lasallia pustulata",
  "1432": "Lasiobelonium variegatum",
  "1433": "Lasiobolus papillatus",
  "1434": "Lasiobolus cuniculi",
  "1435": "Nectriopsis lecanodes",
  "1436": "Lasiosphaeria ovina",
  "1437": "Lasiosphaeris hirsuta",
  "1438": "Laxitextum bicolor",
  "1439": "Lecanactis abietina",
  "1440": "Lecania cyrtella",
  "1441": "Lecanora argentata",
  "1442": "Lecanora campestris",
  "1443": "Glaucomaria carpinea",
  "1444": "Lecanora chlarotera",
  "1445": "Straminella conizaeoides",
  "1446": "Lecanora expallens",
  "1447": "Lecanora gangaleoides",
  "1448": "Lecanora helicopis",
  "1449": "Lecanora orosthea",
  "1450": "Lecanora polytropa",
  "1451": "Lecanora pulicaris",
  "1452": "Glaucomaria rupicola",
  "1453": "Glaucomaria sulphurea",
  "1454": "Lecanora symmicta",
  "1455": "Leccinellum crocipodium",
  "1456": "Leccinellum pseudoscabrum",
  "1457": "Leccinum albostipitatum",
  "1458": "Leccinum aurantiacum",
  "1459": "Leccinum cyaneobasileucum",
  "1460": "Leccinum duriusculum",
  "1461": "Leccinum melaneum",
  "1462": "Leccinum scabrum",
  "1463": "Leccinum scabrum",
  "1464": "Leccinum schistophilum",
  "1465": "Leccinum variicolor",
  "1466": "Leccinum versipelle",
  "1467": "Leccinum vulpinum",
  "1468": "Lecidea fuscoatra",
  "1469": "Lecidella elaeochroma",
  "1470": "Lecidella euphorea",
  "1471": "Lecidella scabra",
  "1472": "Lecidella stigmatea",
  "1473": "Legaliana badia",
  "1474": "Legaliana limnaea",
  "1475": "Lemalis aurea",
  "1476": "Lentaria byssiseda",
  "1477": "Lentinellus cochleatus",
  "1478": "Lentinellus flabelliformis",
  "1479": "Lentinellus ursinus",
  "1480": "Lentinus brumalis",
  "1481": "Lentinus substrictus",
  "1482": "Lentinus tigrinus",
  "1483": "Leocarpus fragilis",
  "1484": "Leotia lubrica",
  "1485": "Leucocoprinus straminellus",
  "1486": "Lepiota brunneoincarnata",
  "1487": "Lepiota castanea",
  "1488": "Lepiota clypeolaria",
  "1489": "Lepiota cristata",
  "1490": "Lepiota echinella",
  "1491": "Lepiota erminea",
  "1492": "Lepiota felina",
  "1493": "Lepiota fuscovinacea",
  "1494": "Lepiota grangei",
  "1495": "Lepiota griseovirens",
  "1496": "Lepiota ignivolvata",
  "1497": "Lepiota lilacea",
  "1498": "Lepiota magnispora",
  "1499": "Lepiota ochraceofulva",
  "1500": "Lepiota oreadiformis",
  "1501": "Lepiota pseudolilacea",
  "1502": "Lepiota subalba",
  "1503": "Lepiota subgracilis",
  "1504": "Lepiota subincarnata",
  "1505": "Lepiota tomentella",
  "1506": "Lepista irina",
  "1507": "Lepista lilacea",
  "1508": "Lepista nuda",
  "1509": "Lepista panaeolus",
  "1510": "Lepista personata",
  "1511": "Lepra albescens",
  "1512": "Lepra amara",
  "1513": "Lepraria lobificans",
  "1514": "Lepraria incana",
  "1515": "Leptosphaeria acuta",
  "1516": "Leptosphaeria doliolum",
  "1517": "Phaeosphaeria sowerbyi",
  "1518": "Leptosporomyces fuscostratus",
  "1519": "Leratiomyces ceres",
  "1520": "Leratiomyces percevalii",
  "1521": "Leratiomyces squamosus",
  "1522": "Leucoagaricus badhamii",
  "1523": "Leucoagaricus georginae",
  "1524": "Leucoagaricus leucothites",
  "1525": "Leucoagaricus melanotrichus",
  "1526": "Leucoagaricus nympharum",
  "1527": "Leucoagaricus sericifer",
  "1528": "Leucocoprinus birnbaumii",
  "1529": "Leucocoprinus brebissonii",
  "1530": "Leucocybe candicans",
  "1531": "Leucocybe connata",
  "1532": "Leucogyrophana mollusca",
  "1533": "Leucopaxillus tricolor",
  "1534": "Leucoscypha leucotricha",
  "1535": "Lichenomphalia hudsoniana",
  "1536": "Lichenomphalia umbellifera",
  "1537": "Lichenomphalia velutina",
  "1538": "Limacella delicata",
  "1539": "Limacellopsis guttata",
  "1540": "Lindtneria leucobryophila",
  "1541": "Lindtneria panphyliensis",
  "1542": "Lindtneria trachyspora",
  "1543": "Lobaria pulmonaria",
  "1544": "Lopadostoma pouzarii",
  "1545": "Lophiostoma compressum",
  "1546": "Lophiostoma macrostomum",
  "1547": "Lophiostoma semiliberum",
  "1548": "Mytilinidion rhenanum",
  "1549": "Lophodermium culmigenum",
  "1550": "Lophodermium foliicola",
  "1551": "Lophodermium juniperinum",
  "1552": "Lophodermium paeoniae",
  "1553": "Lophodermium petiolicola",
  "1554": "Lophodermium pinastri",
  "1555": "Loreleia marchantiae",
  "1556": "Loreleia postii",
  "1557": "Loweomyces wynneae",
  "1558": "Lycogala conicum",
  "1559": "Lycogala epidendrum",
  "1560": "Lycogala flavofuscum",
  "1561": "Lycoperdon decipiens",
  "1562": "Lycoperdon echinatum",
  "1563": "Lycoperdon excipuliforme",
  "1564": "Lycoperdon lividum",
  "1565": "Lycoperdon mammiforme",
  "1566": "Lycoperdon molle",
  "1567": "Lycoperdon nigrescens",
  "1568": "Lycoperdon perlatum",
  "1569": "Lycoperdon pratense",
  "1570": "Lycoperdon umbrinum",
  "1571": "Bovistella utriformis",
  "1572": "Lyomyces crustosus",
  "1573": "Lyomyces sambuci",
  "1574": "Tephrocybe ambusta",
  "1575": "Tephrocybe anthracophila",
  "1576": "Tephrocybe atrata",
  "1577": "Lyophyllum decastes",
  "1578": "Lyophyllum deliberatum",
  "1579": "Lyophyllum eustygium",
  "1580": "Lyophyllum decastes",
  "1581": "Lyophyllum paelochroum",
  "1582": "Lyophyllum semitale",
  "1583": "Macrocystidia cucumis",
  "1584": "Macrolepiota excoriata",
  "1585": "Macrolepiota mastoidea",
  "1586": "Macrolepiota procera",
  "1587": "Macrolepiota fuliginosa",
  "1588": "Typhula contorta",
  "1589": "Typhula fistulosa",
  "1590": "Typhula juncea",
  "1591": "Macrotyphula phacorrhiza",
  "1592": "Mallocybe agardhii",
  "1593": "Inocybe dulcamara",
  "1594": "Mallocybe plebeia",
  "1595": "Marasmiellus tricolor",
  "1596": "Marasmius bulliardii",
  "1597": "Marasmius cohaerens",
  "1598": "Marasmius curreyi",
  "1599": "Marasmius epiphylloides",
  "1600": "Marasmius epiphyllus",
  "1601": "Marasmius limosus",
  "1602": "Marasmius oreades",
  "1603": "Marasmius rotula",
  "1604": "Marasmius torquescens",
  "1605": "Marasmius wettsteinii",
  "1606": "Marasmius wynneae",
  "1607": "Marchandiomyces aurantioroseus",
  "1608": "Massaria inquinans",
  "1609": "Megacollybia platyphylla",
  "1610": "Melampsora epitea",
  "1611": "Melampsora epitea",
  "1612": "Melampsora euphorbiae",
  "1613": "Melampsora hypericorum",
  "1614": "Melampsora lini",
  "1615": "Melampsora populnea",
  "1616": "Pucciniastrum symphyti",
  "1617": "Melampsoridium betulinum",
  "1618": "Melogramma spiniferum",
  "1619": "Melanelixia fuliginosa",
  "1620": "Melanelixia glabratula",
  "1621": "Melanelixia subaurifera",
  "1622": "Melanogaster ambiguus",
  "1623": "Melanogaster broomeanus",
  "1624": "Melanohalea exasperatula",
  "1625": "Melanoleuca ammophila",
  "1626": "Melanoleuca cognata",
  "1627": "Melanoleuca exscissa",
  "1628": "Melanoleuca polioleuca",
  "1629": "Melanoleuca grammopodia",
  "1630": "Melanoleuca microcephala",
  "1631": "Melanoleuca polioleuca",
  "1632": "Melanoleuca strictipes",
  "1633": "Melanoleuca verrucipes",
  "1634": "Melanomma pulvis-pyrius",
  "1635": "Melanomphalia nigrescens",
  "1636": "Melanophyllum haematospermum",
  "1637": "Melastiza cornubiensis",
  "1638": "Melogramma campylosporum",
  "1639": "Mensularia nodulosa",
  "1640": "Xanthoporia radiata",
  "1641": "Meottomyces dissimulans",
  "1642": "Meripilus giganteus",
  "1643": "Merismodes anomala",
  "1644": "Meruliopsis taxicola",
  "1645": "Phlebia tremellosa",
  "1646": "Metatrichia floriformis",
  "1647": "Metatrichia vesparia",
  "1648": "Micarea lignaria",
  "1649": "Microbotryum lychnidis-dioicae",
  "1650": "Microbotryum stellariae",
  "1651": "Microglossum olivaceum",
  "1652": "Microglossum griseoviride",
  "1653": "Microglossum olivaceum",
  "1654": "Microglossum tenebrosum",
  "1655": "Microglossum viride",
  "1656": "Microthyrium ciliatum",
  "1657": "Microthyrium macrosporum",
  "1658": "Miladina lecithina",
  "1659": "Milesina kriegeriana",
  "1660": "Mitrula paludosa",
  "1661": "Mniaecia jungermanniae",
  "1662": "Mniaecia nivea",
  "1663": "Mollisia amenticola",
  "1664": "Mollisia cinerea",
  "1665": "Tapesia fusca",
  "1666": "Mollisia hydrophila",
  "1667": "Mollisia ligni",
  "1668": "Tapesia lividofusca",
  "1669": "Mollisia rosae",
  "1670": "Monilinia fructigena",
  "1671": "Monilinia laxa",
  "1672": "Monilinia oxycocci",
  "1673": "Montagnula perforans",
  "1674": "Morchella esculenta",
  "1675": "Morchella esculenta",
  "1676": "Morchella esculenta",
  "1677": "Morchella importuna",
  "1678": "Morchella semilibera",
  "1679": "Morchella esculenta",
  "1680": "Mucidula mucida",
  "1681": "Mucronella calva",
  "1682": "Mucronella flava",
  "1683": "Mutinus caninus",
  "1684": "Mutinus ravenelii",
  "1685": "Mycena abramsii",
  "1686": "Mycena acicula",
  "1687": "Mycena aetites",
  "1688": "Mycena albidolilacea",
  "1689": "Mycena amicta",
  "1690": "Mycena arcangeliana",
  "1691": "Mycena aurantiomarginata",
  "1692": "Mycena belliae",
  "1693": "Mycena bulbosa",
  "1694": "Mycena capillaripes",
  "1695": "Mycena chlorantha",
  "1696": "Mycena cinerella",
  "1697": "Mycena citrinomarginata",
  "1698": "Mycena clavicularis",
  "1699": "Mycena clavularis",
  "1700": "Mycena concolor",
  "1701": "Mycena crocata",
  "1702": "Prunulus diosmus",
  "1703": "Mycena epipterygia",
  "1704": "Mycena erubescens",
  "1705": "Mycena filopes",
  "1706": "Mycena flavescens",
  "1707": "Mycena galericulata",
  "1708": "Mycena galopus",
  "1709": "Mycena haematopus",
  "1710": "Mycena inclinata",
  "1711": "Mycena juniperina",
  "1712": "Mycena latifolia",
  "1713": "Mycena leptocephala",
  "1714": "Mycena luteovariegata",
  "1715": "Mycena maculata",
  "1716": "Mycena megaspora",
  "1717": "Mycena meliigena",
  "1718": "Mycena metata",
  "1719": "Mycena mirata",
  "1720": "Mycena mucor",
  "1721": "Mycena olivaceomarginata",
  "1722": "Mycena pearsoniana",
  "1723": "Mycena pelianthina",
  "1724": "Mycena epipterygia",
  "1725": "Mycena picta",
  "1726": "Mycena polyadelpha",
  "1727": "Mycena polygramma",
  "1728": "Mycena pseudocorticola",
  "1729": "Mycena pseudopicta",
  "1730": "Mycena pterigena",
  "1731": "Mycena purpureofusca",
  "1732": "Mycena renati",
  "1733": "Mycena rosea",
  "1734": "Mycena rosella",
  "1735": "Mycena rubromarginata",
  "1736": "Mycena sanguinolenta",
  "1737": "Mycena scirpicola",
  "1738": "Mycena silvae-nigrae",
  "1739": "Mycena smithiana",
  "1740": "Mycena stipata",
  "1741": "Mycena stylobates",
  "1742": "Mycena tenerrima",
  "1743": "Mycena tintinnabulum",
  "1744": "Mycena vitilis",
  "1745": "Mycena vulgaris",
  "1746": "Mycena xantholeuca",
  "1747": "Mycena zephirus",
  "1748": "Mycenastrum corium",
  "1749": "Mycenella bryophila",
  "1750": "Mycenella lasiosperma",
  "1751": "Mycenella salicina",
  "1752": "Mycenella trachyspora",
  "1753": "Mycetinis alliaceus",
  "1754": "Mycetinis querceus",
  "1755": "Mycetinis scorodonius",
  "1756": "Mycoacia aurea",
  "1757": "Mycoacia fuscoatra",
  "1758": "Mycoaciella bispora",
  "1759": "Mycoglaena myricae",
  "1760": "Mycopan scabripes",
  "1761": "Mycosphaerella podagrariae",
  "1762": "Mycosphaerella punctiformis",
  "1763": "Mycosphaerella ulmi",
  "1764": "Myochromella boudieri",
  "1765": "Polyozosia albescens",
  "1766": "Myriolecis crenulata",
  "1767": "Polyozosia dispersa",
  "1768": "Polyozosia semipallida",
  "1769": "Myriosclerotinia curreyana",
  "1770": "Stypella crystallina",
  "1771": "Stypella grilletii",
  "1772": "Myxarium hyalinum",
  "1773": "Myxarium nucleatum",
  "1774": "Myxomphalia maura",
  "1775": "Naematelia encephala",
  "1776": "Naohidemyces vaccinii",
  "1777": "Narcissea ephemeroides",
  "1778": "Naucoria bohemica",
  "1779": "Naucoria celluloderma",
  "1780": "Naucoria escharioides",
  "1781": "Naucoria salicis",
  "1782": "Naucoria scolecina",
  "1783": "Naucoria sphagneti",
  "1784": "Naucoria striatula",
  "1785": "Naucoria subconspersa",
  "1786": "Nectria cinnabarina",
  "1787": "Nectriopsis violacea",
  "1788": "Nemania atropurpurea",
  "1789": "Nemania chestersii",
  "1790": "Nemania confluens",
  "1791": "Nemania maritima",
  "1792": "Nemania serpens",
  "1793": "Nemania serpens",
  "1794": "Euepixylon udum",
  "1795": "Neoantrodia serialis",
  "1796": "Neoboletus erythropus",
  "1797": "Neoboletus xanthopus",
  "1798": "Neodasyscypha cerina",
  "1799": "Neoerysiphe galeopsidis",
  "1800": "Neofavolus suavissimus",
  "1801": "Hygrocybe ingrata",
  "1802": "Neohygrocybe nitrata",
  "1803": "Neohygrocybe ovina",
  "1804": "Neolentinus lepideus",
  "1805": "Neonectria coccinea",
  "1806": "Neonectria ditissima",
  "1807": "Corinectria fuckeliana",
  "1808": "Neonectria neomacrospora",
  "1809": "Neottiella rutilans",
  "1810": "Neottiella vivida",
  "1811": "Nephromopsis chlorophylla",
  "1812": "Nephromopsis nivalis",
  "1813": "Nidularia deformis",
  "1814": "Niesslia exilis",
  "1815": "Nitschkia cupularis",
  "1816": "Nitschkia parasitans",
  "1817": "Nodulisporium cecidiogenes",
  "1818": "Ochrolechia frigida",
  "1819": "Ochrolechia parella",
  "1820": "Ochropsora ariae",
  "1821": "Octospora affinis",
  "1822": "Octospora coccinea",
  "1823": "Inermisia gyalectoides",
  "1824": "Neottiella hetieri",
  "1825": "Octospora humosa",
  "1826": "Octospora rubens",
  "1827": "Octospora rustica",
  "1828": "Odontia ferruginea",
  "1829": "Pappia fissilis",
  "1830": "Oligonema persimile",
  "1831": "Postia ptychogaster",
  "1832": "Oligoporus rennyi",
  "1833": "Hyalopeziza millepunctata",
  "1834": "Neobulgaria pura",
  "1835": "Omphaliaster asterosporus",
  "1836": "Omphalina microsperma",
  "1837": "Omphalina pyxidata",
  "1838": "Omphalotus olearius",
  "1839": "Onygena corvina",
  "1840": "Opegrapha niveoatra",
  "1841": "Opegrapha vermicellifera",
  "1842": "Opegrapha vulgata",
  "1843": "Ophiobolus acuminatus",
  "1844": "Ophiocordyceps entomorrhiza",
  "1845": "Orbilia xanthostigma",
  "1846": "Gloeophyllum odoratum",
  "1847": "Ossicaulis lignatilis",
  "1848": "Otidea alutacea",
  "1849": "Otidea bufonia",
  "1850": "Otidea cantharella",
  "1851": "Otidea leporina",
  "1852": "Otidea minor",
  "1853": "Otidea nannfeldtii",
  "1854": "Otidea onotica",
  "1855": "Otidea phlebophora",
  "1856": "Panaeolus acuminatus",
  "1857": "Panaeolus cinctulus",
  "1858": "Panaeolus fimicola",
  "1859": "Panaeolina foenisecii",
  "1860": "Panaeolus olivaceus",
  "1861": "Panaeolus papilionaceus",
  "1862": "Panaeolus reticulatus",
  "1863": "Panaeolus semiovatus",
  "1864": "Panaeolus subfirmus",
  "1865": "Panellus mitis",
  "1866": "Panellus stipticus",
  "1867": "Panus conchatus",
  "1868": "Pappia fissilis",
  "1869": "Paragalactinia michelii",
  "1870": "Paragalactinia succosa",
  "1871": "Paragymnopus perforans",
  "1872": "Paralepista flaccida",
  "1873": "Paralepista gilva",
  "1874": "Paranectria oropensis",
  "1875": "Parasola auricoma",
  "1876": "Parasola conopilea",
  "1877": "Parasola kuehneri",
  "1878": "Parasola lactea",
  "1879": "Parasola megasperma",
  "1880": "Parasola misera",
  "1881": "Parasola plicatilis",
  "1882": "Parasola schroeteri",
  "1883": "Parmelia ernstiae",
  "1884": "Parmelia omphalodes",
  "1885": "Parmelia saxatilis",
  "1886": "Parmelia submontana",
  "1887": "Parmelia sulcata",
  "1888": "Parmeliopsis ambigua",
  "1889": "Parmotrema perlatum",
  "1890": "Paxillus ammoniavirescens",
  "1891": "Paxillus involutus",
  "1892": "Paxillus obscurisporus",
  "1893": "Paxillus rubicundulus",
  "1894": "Peltigera canina",
  "1895": "Peltigera didactyla",
  "1896": "Peltigera horizontalis",
  "1897": "Peltigera hymenina",
  "1898": "Peltigera membranacea",
  "1899": "Peltigera neckeri",
  "1900": "Peltigera praetextata",
  "1901": "Peltigera rufescens",
  "1902": "Penicillium vulpinum",
  "1903": "Peniophora cinerea",
  "1904": "Peniophora incarnata",
  "1905": "Peniophora laeta",
  "1906": "Peniophora limitata",
  "1907": "Peniophora lycii",
  "1908": "Peniophora pini",
  "1909": "Peniophora polygonia",
  "1910": "Peniophora quercina",
  "1911": "Peniophora rufomarginata",
  "1912": "Peniophora violaceolivida",
  "1913": "Peniophorella pallida",
  "1914": "Peniophorella praetermissa",
  "1915": "Peniophorella pubera",
  "1916": "Penttilamyces olivascens",
  "1917": "Penttilamyces romellii",
  "1918": "Vanderbylia fraxinea",
  "1919": "Perichaena corticalis",
  "1920": "Perichaena depressa",
  "1921": "Periconia cookei",
  "1922": "Periconia minutissima",
  "1923": "Peroneutypa scoparia",
  "1924": "Peronospora bulbocapni",
  "1925": "Peronospora crustosa",
  "1926": "Peronospora ficariae",
  "1927": "Peronospora radii",
  "1928": "Peronospora farinosa",
  "1929": "Pertusaria coccodes",
  "1930": "Pertusaria hymenea",
  "1931": "Pertusaria leioplaca",
  "1932": "Pertusaria pertusa",
  "1933": "Pestalotiopsis funerea",
  "1934": "Lamprospora ammophila",
  "1935": "Peziza arvernensis",
  "1936": "Adelphella babingtonii",
  "1937": "Peziza echinospora",
  "1938": "Peziza fimeti",
  "1939": "Peziza repanda",
  "1940": "Peziza varia",
  "1941": "Peziza vesiculosa",
  "1942": "Phacidium lauri",
  "1943": "Phaeoclavulina abietina",
  "1944": "Phaeoclavulina corrugata",
  "1945": "Phaeoclavulina decurrens",
  "1946": "Phaeoclavulina eumorpha",
  "1947": "Phaeoclavulina flaccida",
  "1948": "Phaeolepiota aurea",
  "1949": "Phaeolus schweinitzii",
  "1950": "Phaeomarasmius erinaceus",
  "1951": "Hypholoma myosotis",
  "1952": "Phaeophyscia orbicularis",
  "1953": "Phaeotremella foliacea",
  "1954": "Phaeotremella frondosa",
  "1955": "Phaeotremella simplex",
  "1956": "Phallus hadriani",
  "1957": "Phallus impudicus",
  "1958": "Phanerochaete laevis",
  "1959": "Atheliachaete sanguinea",
  "1960": "Phanerochaete sordida",
  "1961": "Phanerochaete velutina",
  "1962": "Phellinopsis conchata",
  "1963": "Phellinus igniarius",
  "1964": "Phellinus igniarius",
  "1965": "Phellinus laevigatus",
  "1966": "Phellinus lundellii",
  "1967": "Phellinus pomaceus",
  "1968": "Phellinus populicola",
  "1969": "Phellinus tremulae",
  "1970": "Phellodon confluens",
  "1971": "Phellodon tomentosus",
  "1972": "Phellodon fuligineoalbus",
  "1973": "Phellodon niger",
  "1974": "Phellodon tomentosus",
  "1975": "Phellodon violascens",
  "1976": "Phlebia radiata",
  "1977": "Phlebia rufa",
  "1978": "Phlebiodontia subochracea",
  "1979": "Cytidiella albida",
  "1980": "Phlebiopsis gigantea",
  "1981": "Cortinarius anserinus",
  "1982": "Phlegmacium aquilanum",
  "1983": "Phlegmacium argutum",
  "1984": "Phlegmacium balteatocumatile",
  "1985": "Cortinarius caerulescens",
  "1986": "Phlegmacium caesiocortinatum",
  "1987": "Cortinarius caesiostramineus",
  "1988": "Phlegmacium cliduchus",
  "1989": "Phlegmacium coerulescentium",
  "1990": "Phlegmacium eucaeruleum",
  "1991": "Cortinarius foetens",
  "1992": "Cortinarius largus",
  "1993": "Cortinarius largus",
  "1994": "Phlegmacium luhmannii",
  "1995": "Phlegmacium moenne-loccozii",
  "1996": "Cortinarius nanceiensis",
  "1997": "Phlegmacium obsoletum",
  "1998": "Phlegmacium rhizophorum",
  "1999": "Phlegmacium subdecolorans",
  "2000": "Phlegmacium triumphans",
  "2001": "Cortinarius variecolor",
  "2002": "Phlegmacium viridocoeruleum",
  "2003": "Phlegmacium vulpinum",
  "2004": "Phlegmacium xantho-ochraceum",
  "2005": "Phleogena faginea",
  "2006": "Phloeomana atropapillata",
  "2007": "Phloeomana clavata",
  "2008": "Phloeomana hiemalis",
  "2009": "Phloeomana minutula",
  "2010": "Phloeomana speirea",
  "2011": "Phlyctis argena",
  "2012": "Pholiota adiposa",
  "2013": "Pyrrhulomyces astragalinus",
  "2014": "Pholiota aurivella",
  "2015": "Pholiota conissans",
  "2016": "Pholiota flammans",
  "2017": "Pholiota gummosa",
  "2018": "Pholiota henningsii",
  "2019": "Pholiota carbonaria",
  "2020": "Pholiota jahnii",
  "2021": "Pholiota lenta",
  "2022": "Pholiota limonella",
  "2023": "Pholiota mixta",
  "2024": "Pholiota scamba",
  "2025": "Pholiota spumosa",
  "2026": "Pholiota squarrosa",
  "2027": "Pholiota squarrosoides",
  "2028": "Pholiota tuberculosa",
  "2029": "Conocybe aporos",
  "2030": "Conocybe arrhenii",
  "2031": "Conocybe brunnea",
  "2032": "Conocybe mairei",
  "2033": "Conocybe nemoralis",
  "2034": "Conocybe rugosa",
  "2035": "Conocybe striipes",
  "2036": "Pholiotina sulcata",
  "2037": "Pholiotina teneroides",
  "2038": "Conocybe velata",
  "2039": "Phomatospora dinemasporium",
  "2040": "Phragmidium bulbosum",
  "2041": "Phragmidium mucronatum",
  "2042": "Phragmidium potentillae",
  "2043": "Phragmidium rosae-pimpinellifoliae",
  "2044": "Phragmidium rubi-idaei",
  "2045": "Phragmidium sanguisorbae",
  "2046": "Phragmidium tuberculatum",
  "2047": "Phragmidium violaceum",
  "2048": "Phragmocephala atra",
  "2049": "Phragmotrichum chailletii",
  "2050": "Phyllachora graminis",
  "2051": "Phyllachora junci",
  "2052": "Phyllactinia fraxini",
  "2053": "Phyllactinia guttata",
  "2054": "Phyllactinia mali",
  "2055": "Phyllactinia orbicularis",
  "2056": "Phylloporia ribis",
  "2057": "Phylloporus pelletieri",
  "2058": "Phyllotopsis nidulans",
  "2059": "Physalacria cryptomeriae",
  "2060": "Physarum album",
  "2061": "Physarum bitectum",
  "2062": "Physarum bivalve",
  "2063": "Physarum leucophaeum",
  "2064": "Physarum leucopus",
  "2065": "Physarum virescens",
  "2066": "Physcia adscendens",
  "2067": "Physcia aipolia",
  "2068": "Physcia caesia",
  "2069": "Physcia dubia",
  "2070": "Physcia stellaris",
  "2071": "Physcia tenella",
  "2072": "Physconia distorta",
  "2073": "Physconia enteroxantha",
  "2074": "Poeltonia grisea",
  "2075": "Physconia perisidiosa",
  "2076": "Rigidoporus sanguinolentus",
  "2077": "Physisporinus vitreus",
  "2078": "Rutstroemia bulgarioides",
  "2079": "Picipes badius",
  "2080": "Picipes melanopus",
  "2081": "Picipes tubaeformis",
  "2082": "Pilobolus crystallinus",
  "2083": "Pilobolus kleinii",
  "2084": "Piloderma bicolor",
  "2085": "Pisolithus capsulifer",
  "2086": "Pithya cupressina",
  "2087": "Pithya vulgaris",
  "2088": "Placynthiella icmalea",
  "2089": "Plasmoverna pygmaea",
  "2090": "Platismatia glauca",
  "2091": "Plectania melastoma",
  "2092": "Pleuroceras pseudoplatani",
  "2093": "Pleurocybella porrigens",
  "2094": "Pleurosticta acetabulum",
  "2095": "Pleurotus dryinus",
  "2096": "Pleurotus ostreatus",
  "2097": "Pleurotus pulmonarius",
  "2098": "Plicaria carbonaria",
  "2099": "Plicaturopsis crispa",
  "2100": "Pluteus atromarginatus",
  "2101": "Pluteus aurantiorugosus",
  "2102": "Pluteus cervinus",
  "2103": "Pluteus chrysophaeus",
  "2104": "Pluteus leoninus",
  "2105": "Pluteus longistriatus",
  "2106": "Pluteus ephebeus",
  "2107": "Pluteus petasatus",
  "2108": "Pluteus phlebophorus",
  "2109": "Pluteus plautus",
  "2110": "Pluteus podospileus",
  "2111": "Pluteus pouzarianus",
  "2112": "Pluteus primus",
  "2113": "Pluteus romellii",
  "2114": "Pluteus roseipes",
  "2115": "Pluteus salicinus",
  "2116": "Pluteus semibulbosus",
  "2117": "Pluteus umbrosus",
  "2118": "Pluteus vellingae",
  "2119": "Podosphaera aphanis",
  "2120": "Podosphaera balsaminae",
  "2121": "Podosphaera clandestina",
  "2122": "Podosphaera epilobii",
  "2123": "Podosphaera erigerontis-canadensis",
  "2124": "Podosphaera filipendulae",
  "2125": "Podosphaera leucotricha",
  "2126": "Podosphaera mors-uvae",
  "2127": "Podosphaera pannosa",
  "2128": "Polycauliona candelaria",
  "2129": "Polycauliona polycarpa",
  "2130": "Verrucoplaca verruculifera",
  "2131": "Polycephalomyces ramosus",
  "2132": "Polydesmia pruinosa",
  "2133": "Polyporus tuberaster",
  "2134": "Acarospora privigna",
  "2135": "Polythrincium trifolii",
  "2136": "Porodaedalea pini",
  "2137": "Poronia erici",
  "2138": "Poronia punctata",
  "2139": "Porostereum spadiceum",
  "2140": "Porotheleum fimbriatum",
  "2141": "Porphyrellus porphyrosporus",
  "2142": "Porpidia macrocarpa",
  "2143": "Porpidia soredizodes",
  "2144": "Porpidia tuberculosa",
  "2145": "Porpolomopsis calyptriformis",
  "2146": "Tyromyces lacteus",
  "2147": "Postia tephroleuca",
  "2148": "Oligoporus wakefieldiae",
  "2149": "Proliferodiscus pulveraceus",
  "2150": "Propolis farinosa",
  "2151": "Protoblastenia rupestris",
  "2152": "Protocrea farinosa",
  "2153": "Protocrea pallida",
  "2154": "Protomyces macrosporus",
  "2155": "Protoparmeliopsis muralis",
  "2156": "Protostropharia semiglobata",
  "2157": "Protounguicularia transiens",
  "2158": "Psathyrella ammophila",
  "2159": "Psathyrella bipellis",
  "2160": "Psathyrella caput-medusae",
  "2161": "Psathyrella clivensis",
  "2162": "Psathyrella corrugis",
  "2163": "Psathyrella cotonea",
  "2164": "Psathyrella fibrillosa",
  "2165": "Psathyrella flexispora",
  "2166": "Psathyrella fusca",
  "2167": "Psathyrella hirta",
  "2168": "Psathyrella impexa",
  "2169": "Psathyrella laevissima",
  "2170": "Psathyrella longicauda",
  "2171": "Psathyrella lutensis",
  "2172": "Psathyrella maculata",
  "2173": "Psathyrella microrhiza",
  "2174": "Psathyrella obtusata",
  "2175": "Psathyrella panaeoloides",
  "2176": "Psathyrella piluliformis",
  "2177": "Psathyrella potteri",
  "2178": "Psathyrella prona",
  "2179": "Psathyrella pseudogracilis",
  "2180": "Psathyrella pygmaea",
  "2181": "Psathyrella rostellata",
  "2182": "Psathyrella rubiginosa",
  "2183": "Psathyrella senex",
  "2184": "Psathyrella spadiceogrisea",
  "2185": "Psathyrella spintrigeroides",
  "2186": "Psathyrella thujina",
  "2187": "Pseudevernia furfuracea",
  "2188": "Pseudobaeospora celluloderma",
  "2189": "Pseudoboletus parasiticus",
  "2190": "Pseudoclitocybe cyathiformis",
  "2191": "Pseudoclitocybe expallens",
  "2192": "Pseudoclitopilus rhodoleucus",
  "2193": "Pseudohydnum gelatinosum",
  "2194": "Pseudoinonotus dryadeus",
  "2195": "Pseudolaccaria pachyphylla",
  "2196": "Pseudolachnea hispidula",
  "2197": "Pseudolasiobolus minutissimus",
  "2198": "Pseudomicrostroma juglandis",
  "2199": "Pseudonectria buxi",
  "2200": "Pseudopeziza trifolii",
  "2201": "Pseudoplectania episphagnum",
  "2202": "Pseudoplectania nigrella",
  "2203": "Pseudosagedia aenea",
  "2204": "Pseudoschismatomma rufescens",
  "2205": "Pseudosperma rimosum",
  "2206": "Pseudospongipellis delectans",
  "2207": "Pseudotricholoma metapodium",
  "2208": "Psilachnum chrysostigmum",
  "2209": "Psilocybe fimetaria",
  "2210": "Psilocybe semilanceata",
  "2211": "Psilolechia lucida",
  "2212": "Pterula multifida",
  "2213": "Pterulicium gracile",
  "2214": "Puccinia acetosae",
  "2215": "Puccinia adoxae",
  "2216": "Puccinia albulensis",
  "2217": "Puccinia porri",
  "2218": "Puccinia caricina",
  "2219": "Puccinia chaerophylli",
  "2220": "Puccinia circaeae",
  "2221": "Puccinia circaeae-caricis",
  "2222": "Puccinia convolvuli",
  "2223": "Puccinia coronata",
  "2224": "Puccinia cyani",
  "2225": "Puccinia difformis",
  "2226": "Puccinia distincta",
  "2227": "Puccinia festucae",
  "2228": "Puccinia glechomatis",
  "2229": "Puccinia graminis",
  "2230": "Puccinia hieracii",
  "2231": "Puccinia hysterium",
  "2232": "Puccinia komarovii",
  "2233": "Puccinia lagenophorae",
  "2234": "Puccinia lapsanae",
  "2235": "Puccinia liliacearum",
  "2236": "Puccinia luzulae",
  "2237": "Puccinia magnusiana",
  "2238": "Puccinia malvacearum",
  "2239": "Puccinia menthae",
  "2240": "Puccinia obscura",
  "2241": "Puccinia phragmitis",
  "2242": "Puccinia poarum",
  "2243": "Puccinia polygoni-amphibii",
  "2244": "Peristemma pseudosphaeria",
  "2245": "Puccinia pulverulenta",
  "2246": "Puccinia punctata",
  "2247": "Puccinia suaveolens",
  "2248": "Puccinia recondita",
  "2249": "Puccinia sessilis",
  "2250": "Puccinia striiformis",
  "2251": "Puccinia tanaceti",
  "2252": "Puccinia hieracii",
  "2253": "Puccinia urticata",
  "2254": "Puccinia variabilis",
  "2255": "Puccinia veronicae",
  "2256": "Puccinia vincae",
  "2257": "Puccinia violae",
  "2258": "Thekopsora areolata",
  "2259": "Pucciniastrum circaeae",
  "2260": "Pucciniastrum epilobii",
  "2261": "Pulvinula convexella",
  "2262": "Pulvinula miltina",
  "2263": "Punctelia jeckeri",
  "2264": "Punctelia subrudecta",
  "2265": "Pycnoporellus fulgens",
  "2266": "Trametes cinnabarina",
  "2267": "Pycnothelia papillaria",
  "2268": "Pyrenopeziza petiolaris",
  "2269": "Pyrenopeziza rubi",
  "2270": "Pyrenula nitida",
  "2271": "Pyronema omphalodes",
  "2272": "Pyrrhospora quernea",
  "2273": "Eutypella quaternata",
  "2274": "Radulomyces confluens",
  "2275": "Radulomyces molaris",
  "2276": "Radulomyces rickii",
  "2277": "Ramalina farinacea",
  "2278": "Ramalina fastigiata",
  "2279": "Ramalina fraxinea",
  "2280": "Ramalina siliquosa",
  "2281": "Ramaria apiculata",
  "2282": "Ramaria botrytis",
  "2283": "Ramaria fagetorum",
  "2284": "Ramaria flavescens",
  "2285": "Ramaria formosa",
  "2286": "Ramaria fumigata",
  "2287": "Ramaria gracilis",
  "2288": "Ramaria krieglsteineri",
  "2289": "Ramaria sanguinea",
  "2290": "Ramaria stricta",
  "2291": "Ramariopsis crocea",
  "2292": "Ramariopsis kunzei",
  "2293": "Ramariopsis pulchella",
  "2294": "Ramariopsis robusta",
  "2295": "Ramariopsis subtilis",
  "2296": "Ramularia rubella",
  "2297": "Resinicium bicolor",
  "2298": "Skvortzovia furfuracea",
  "2299": "Resinomycena saccharifera",
  "2300": "Resupinatus applicatus",
  "2301": "Resupinatus griseopallidus",
  "2302": "Resupinatus poriaeformis",
  "2303": "Resupinatus trichotis",
  "2304": "Reticularia lycoperdon",
  "2305": "Rhizina undulata",
  "2306": "Rhizocarpon geographicum",
  "2307": "Rhizocarpon lecanorinum",
  "2308": "Rhizocarpon reductum",
  "2309": "Rhizocarpon richardii",
  "2310": "Rhizochaete radicata",
  "2311": "Rhizocybe vermicularis",
  "2312": "Rhizomarasmius setosus",
  "2313": "Rhizopogon obtextus",
  "2314": "Rhizopogon roseolus",
  "2315": "Rhodocollybia asema",
  "2316": "Rhodocollybia butyracea",
  "2317": "Rhodocollybia maculata",
  "2318": "Clitopilus caelatus",
  "2319": "Clitopilus geminus",
  "2320": "Rhodotus palmatus",
  "2321": "Rhopographus filicinus",
  "2322": "Rhytisma acerinum",
  "2323": "Rickenella fibula",
  "2324": "Rickenella swartzii",
  "2325": "Oxyporus obducens",
  "2326": "Oxyporus populinus",
  "2327": "Rigidoporus ulmarius",
  "2328": "Rimbachia arachnoidea",
  "2329": "Rinodina oleae",
  "2330": "Ripartites tricholoma",
  "2331": "Roridomyces roridus",
  "2332": "Rosellinia aquila",
  "2333": "Rosellinia corticium",
  "2334": "Rosellinia marcucciana",
  "2335": "Roseodiscus formosus",
  "2336": "Rubroboletus legaliae",
  "2337": "Rubroboletus satanas",
  "2338": "Xanthoria elegans",
  "2339": "Russula acrifolia",
  "2340": "Russula adusta",
  "2341": "Russula aeruginea",
  "2342": "Russula albonigra",
  "2343": "Russula alnetorum",
  "2344": "Russula amoenolens",
  "2345": "Russula anthracina",
  "2346": "Russula aquosa",
  "2347": "Russula atrorubens",
  "2348": "Russula aurea",
  "2349": "Russula betularum",
  "2350": "Russula brunneoviolacea",
  "2351": "Russula caerulea",
  "2352": "Russula carpini",
  "2353": "Russula cessans",
  "2354": "Russula chloroides",
  "2355": "Russula claroflava",
  "2356": "Russula clavipes",
  "2357": "Russula cuprea",
  "2358": "Russula curtipes",
  "2359": "Russula cyanoxantha",
  "2360": "Russula decolorans",
  "2361": "Russula delica",
  "2362": "Russula densifolia",
  "2363": "Russula depallens",
  "2364": "Russula emetica",
  "2365": "Russula emeticicolor",
  "2366": "Russula faginea",
  "2367": "Russula farinipes",
  "2368": "Russula faustiana",
  "2369": "Russula fellea",
  "2370": "Russula foetens",
  "2371": "Russula fragilis",
  "2372": "Russula maculata",
  "2373": "Russula gracillima",
  "2374": "Russula grata",
  "2375": "Russula graveolens",
  "2376": "Russula grisea",
  "2377": "Russula heterophylla",
  "2378": "Russula illota",
  "2379": "Russula insignis",
  "2380": "Russula integra",
  "2381": "Russula ionochlora",
  "2382": "Russula laccata",
  "2383": "Russula laeta",
  "2384": "Russula rosea",
  "2385": "Russula luteotacta",
  "2386": "Russula maculata",
  "2387": "Russula nobilis",
  "2388": "Russula melliolens",
  "2389": "Russula melzeri",
  "2390": "Russula mustelina",
  "2391": "Russula nauseosa",
  "2392": "Russula adusta",
  "2393": "Russula nitida",
  "2394": "Russula ochroleuca",
  "2395": "Russula odorata",
  "2396": "Russula olivacea",
  "2397": "Russula paludosa",
  "2398": "Russula parazurea",
  "2399": "Russula pelargonia",
  "2400": "Russula pseudointegra",
  "2401": "Russula puellaris",
  "2402": "Russula puellula",
  "2403": "Russula queletii",
  "2404": "Russula recondita",
  "2405": "Russula rhodopus",
  "2406": "Russula risigallina",
  "2407": "Russula romellii",
  "2408": "Russula roseoaurantia",
  "2409": "Russula sanguinea",
  "2410": "Russula sardonia",
  "2411": "Russula seperina",
  "2412": "Russula silvestris",
  "2413": "Russula solaris",
  "2414": "Russula sororia",
  "2415": "Russula subfoetens",
  "2416": "Russula subrubens",
  "2417": "Russula turci",
  "2418": "Russula atropurpurea",
  "2419": "Russula velenovskyi",
  "2420": "Russula aurora",
  "2421": "Russula versicolor",
  "2422": "Russula vesca",
  "2423": "Russula veternosa",
  "2424": "Russula vinosa",
  "2425": "Russula violeipes",
  "2426": "Russula virescens",
  "2427": "Russula viscida",
  "2428": "Russula xerampelina",
  "2429": "Rutstroemia conformata",
  "2430": "Lanzia echinophila",
  "2431": "Rutstroemia firma",
  "2432": "Lanzia luteovirescens",
  "2433": "Rutstroemia sydowiana",
  "2434": "Ruzenia spermoides",
  "2435": "Sabuloglossum arenarium",
  "2436": "Saccobolus truncatus",
  "2437": "Saccosoma farinaceum",
  "2438": "Sagaranella tylicolor",
  "2439": "Sarcodon imbricatus",
  "2440": "Sarcodon squamosus",
  "2441": "Sarcodontia setosa",
  "2442": "Mycoacia uda",
  "2443": "Sarcogyne regularis",
  "2444": "Sarcomyxa serotina",
  "2445": "Sarcopodium circinatum",
  "2446": "Sarcoscypha austriaca",
  "2447": "Sarcoscypha coccinea",
  "2448": "Sarcosphaera coronaria",
  "2449": "Sawadaea bicornis",
  "2450": "Sawadaea tulasnei",
  "2451": "Schizophyllum amplum",
  "2452": "Schizophyllum commune",
  "2453": "Neoschizothecium conicum",
  "2454": "Neoschizothecium tetrasporum",
  "2455": "Sclerencoelia fascicularis",
  "2456": "Sclerencoelia fraxinicola",
  "2457": "Scleroderma areolatum",
  "2458": "Scleroderma bovista",
  "2459": "Scleroderma cepa",
  "2460": "Scleroderma citrinum",
  "2461": "Scleroderma septentrionale",
  "2462": "Scleroderma verrucosum",
  "2463": "Sclerotinia trifoliorum",
  "2464": "Scopuloides rimosa",
  "2465": "Scutellinia hirta",
  "2466": "Scutellinia scutellata",
  "2467": "Scutellinia setosa",
  "2468": "Scutellinia trechispora",
  "2469": "Scutiger pes-caprae",
  "2470": "Scytinium lichenoides",
  "2471": "Scytinostroma hemidichophyticum",
  "2472": "Sebacina incrustans",
  "2473": "Seifertia azaleae",
  "2474": "Geopora semi-immersa",
  "2475": "Serpula himantioides",
  "2476": "Serpula lacrymans",
  "2477": "Flagelloscypha niveola",
  "2478": "Sidera vulgaris",
  "2479": "Simocybe centunculus",
  "2480": "Simocybe haustellaris",
  "2481": "Simocybe sumptuosa",
  "2482": "Clitocybe phaeophthalma",
  "2483": "Sirococcus conigenus",
  "2484": "Sistotrema brinkmannii",
  "2485": "Sistotrema confluens",
  "2486": "Sistotrema sernanderi",
  "2487": "Skeletocutis amorpha",
  "2488": "Skeletocutis carneogrisea",
  "2489": "Skeletocutis kuehneri",
  "2490": "Skeletocutis nemoralis",
  "2491": "Sowerbyella radiculata",
  "2492": "Sparassis crispa",
  "2493": "Spathularia flavida",
  "2494": "Sphaerellopsis filum",
  "2495": "Sphaeridium candidulum",
  "2496": "Sphaerobolus stellatus",
  "2497": "Sphaerophorus globosus",
  "2498": "Sphagnurus paluster",
  "2499": "Spinellus fusiger",
  "2500": "Spodocybe trulliformis",
  "2501": "Postia balsamea",
  "2502": "Sporormiella intermedia",
  "2503": "Sporothrix polyporicola",
  "2504": "Steccherinum bourdotii",
  "2505": "Steccherinum ochraceum",
  "2506": "Steccherinum oreophilum",
  "2507": "Steccherinum robustius",
  "2508": "Stemonitis axifera",
  "2509": "Stemonitis fusca",
  "2510": "Stemonitopsis typhina",
  "2511": "Stemphylium vesicarium",
  "2512": "Stenocybe pullatula",
  "2513": "Stereocaulon condensatum",
  "2514": "Stereocaulon dactylophyllum",
  "2515": "Stereocaulon nanodes",
  "2516": "Stereocaulon saxatile",
  "2517": "Stereocaulon vesuvianum",
  "2518": "Stereum complicatum",
  "2519": "Stereum gausapatum",
  "2520": "Stereum hirsutum",
  "2521": "Stereum rugosum",
  "2522": "Stereum sanguinolentum",
  "2523": "Stereum subtomentosum",
  "2524": "Stictis radiata",
  "2525": "Stilbella byssiseda",
  "2526": "Strobilomyces strobilaceus",
  "2527": "Strobilurus esculentus",
  "2528": "Strobilurus stephanocystis",
  "2529": "Strobilurus tenacellus",
  "2530": "Stropharia aeruginosa",
  "2531": "Psilocybe coronilla",
  "2532": "Stropharia cyanea",
  "2533": "Stropharia hornemannii",
  "2534": "Stropharia inuncta",
  "2535": "Stropharia pseudocyanea",
  "2536": "Stropharia rugosoannulata",
  "2537": "Subulicystidium longisporum",
  "2538": "Suillellus luridus",
  "2539": "Suillellus queletii",
  "2540": "Suillus bovinus",
  "2541": "Suillus cavipes",
  "2542": "Suillus collinitus",
  "2543": "Suillus flavidus",
  "2544": "Suillus granulatus",
  "2545": "Suillus grevillei",
  "2546": "Suillus luteus",
  "2547": "Suillus placidus",
  "2548": "Suillus variegatus",
  "2549": "Suillus viscidus",
  "2550": "Symphytocarpus amaurochaetoides",
  "2551": "Symphytocarpus flaccidus",
  "2552": "Synchytrium anemones",
  "2553": "Synchytrium taraxaci",
  "2554": "Syzygites megalocarpus",
  "2555": "Syzygospora tumefaciens",
  "2556": "Trichobelonium kneiffii",
  "2557": "Taphrina alni",
  "2558": "Taphrina betulina",
  "2559": "Taphrina caerulescens",
  "2560": "Taphrina carpini",
  "2561": "Taphrina deformans",
  "2562": "Taphrina farlowii",
  "2563": "Taphrina padi",
  "2564": "Taphrina populina",
  "2565": "Taphrina pruni",
  "2566": "Taphrina tosquinetii",
  "2567": "Taphrina wiesneri",
  "2568": "Tapinella atrotomentosa",
  "2569": "Tapinella panuoides",
  "2570": "Tarzetta cupularis",
  "2571": "Tephrocybe confusa",
  "2572": "Tephrocybe rancida",
  "2573": "Tephromela atra",
  "2574": "Terana caerulea",
  "2575": "Tetragoniomyces uliginosus",
  "2576": "Tetraploa aristata",
  "2577": "Thaxterogaster barbatus",
  "2578": "Thaxterogaster croceocoeruleus",
  "2579": "Thaxterogaster emollitus",
  "2580": "Thaxterogaster herpeticus",
  "2581": "Thaxterogaster leucoluteolus",
  "2582": "Thaxterogaster leucophanes",
  "2583": "Thaxterogaster multiformis",
  "2584": "Thaxterogaster porphyropus",
  "2585": "Thaxterogaster purpurascens",
  "2586": "Thaxterogaster scaurus",
  "2587": "Thaxterogaster sphagnophilus",
  "2588": "Thaxterogaster subporphyropus",
  "2589": "Thaxterogaster subpurpurascens",
  "2590": "Thaxterogaster talus",
  "2591": "Thelephora anthocephala",
  "2592": "Thelephora caryophyllea",
  "2593": "Thelephora palmata",
  "2594": "Thelephora penicillata",
  "2595": "Thelephora terrestris",
  "2596": "Thelotrema lepadinum",
  "2597": "Geoglossum atropurpureum",
  "2598": "Thyridaria macrostomoides",
  "2599": "Thyronectria sinopica",
  "2600": "Tilachlidium brachiatum",
  "2601": "Tolypocladium ophioglossoides",
  "2602": "Tomentella bryophila",
  "2603": "Tomentella lateritia",
  "2604": "Torula herbarum",
  "2605": "Lenzites betulinus",
  "2606": "Trametes gibbosa",
  "2607": "Trametes hirsuta",
  "2608": "Trametes ochracea",
  "2609": "Trametes pubescens",
  "2610": "Trametes suaveolens",
  "2611": "Trametes versicolor",
  "2612": "Tranzschelia anemones",
  "2613": "Tranzschelia pruni-spinosae",
  "2614": "Trapelia coarctata",
  "2615": "Kleopowiella placodioides",
  "2616": "Trapeliopsis granulosa",
  "2617": "Trapeliopsis pseudogranulosa",
  "2618": "Trechinothus smardae",
  "2619": "Trechispora cohaerens",
  "2620": "Trechispora farinacea",
  "2621": "Trechispora fastidiosa",
  "2622": "Trechispora hymenocystis",
  "2623": "Trechispora mollusca",
  "2624": "Trechispora nivea",
  "2625": "Trechispora stevensonii",
  "2626": "Tremella exigua",
  "2627": "Tremella globispora",
  "2628": "Tremella indecorata",
  "2629": "Tremella mesenterica",
  "2630": "Tremella versicolor",
  "2631": "Tremellodendropsis tuberosa",
  "2632": "Guepinia helvelloides",
  "2633": "Trichaptum abietinum",
  "2634": "Trichaptum fuscoviolaceum",
  "2635": "Trichia ambigua",
  "2636": "Trichia botrytis",
  "2637": "Trichia contorta",
  "2638": "Trichia crateriformis",
  "2639": "Hemitrichia decipiens",
  "2640": "Trichia scabra",
  "2641": "Trichia varia",
  "2642": "Trichoderma alutaceum",
  "2643": "Trichoderma atrobrunneum",
  "2644": "Trichoderma aureoviride",
  "2645": "Trichoderma britdaniae",
  "2646": "Trichoderma citrinoviride",
  "2647": "Trichoderma citrinum",
  "2648": "Trichoderma estonicum",
  "2649": "Trichoderma europaeum",
  "2650": "Trichoderma leucopus",
  "2651": "Trichoderma protopulvinatum",
  "2652": "Trichoderma pulvinatum",
  "2653": "Trichoderma spinulosum",
  "2654": "Trichoderma strictipile",
  "2655": "Trichoglossum hirsutum",
  "2656": "Trichoglossum walteri",
  "2657": "Tricholoma acerbum",
  "2658": "Tricholoma aestuans",
  "2659": "Tricholoma albobrunneum",
  "2660": "Tricholoma album",
  "2661": "Tricholoma apium",
  "2662": "Tricholoma argyraceum",
  "2663": "Tricholoma arvernense",
  "2664": "Tricholoma saponaceum",
  "2665": "Tricholoma aurantium",
  "2666": "Tricholoma basirubens",
  "2667": "Tricholoma fracticum",
  "2668": "Tricholoma saponaceum",
  "2669": "Tricholoma cingulatum",
  "2670": "Tricholoma columbetta",
  "2671": "Tricholoma equestre",
  "2672": "Tricholoma focale",
  "2673": "Tricholoma frondosae",
  "2674": "Tricholoma fulvum",
  "2675": "Tricholoma imbricatum",
  "2676": "Tricholoma inamoenum",
  "2677": "Tricholoma argyraceum",
  "2678": "Tricholoma lascivum",
  "2679": "Tricholoma matsutake",
  "2680": "Tricholoma orirubens",
  "2681": "Tricholoma pessundatum",
  "2682": "Tricholoma populinum",
  "2683": "Tricholoma portentosum",
  "2684": "Tricholoma psammopus",
  "2685": "Tricholoma saponaceum",
  "2686": "Tricholoma scalpturatum",
  "2687": "Tricholoma sciodes",
  "2688": "Tricholoma sejunctum",
  "2689": "Tricholoma atrosquamosum",
  "2690": "Tricholoma stans",
  "2691": "Tricholoma stiparophyllum",
  "2692": "Tricholoma sudum",
  "2693": "Tricholoma sulphureum",
  "2694": "Tricholoma terreum",
  "2695": "Tricholoma umbonatum",
  "2696": "Tricholoma ustale",
  "2697": "Tricholoma ustaloides",
  "2698": "Tricholoma vaccinum",
  "2699": "Tricholoma virgatum",
  "2700": "Tricholomella constricta",
  "2701": "Tricholomopsis decora",
  "2702": "Tricholomopsis rutilans",
  "2703": "Lachnum mollissimum",
  "2704": "Lachnum mollissimum",
  "2705": "Trichopeziza subsulphurea",
  "2706": "Lachnum sulphureum",
  "2707": "Lasiobelonium nidulus",
  "2708": "Trichophaea gregaria",
  "2709": "Trichosphaerella decipiens",
  "2710": "Trimmatostroma betulinum",
  "2711": "Triphragmium ulmariae",
  "2712": "Trochila craterium",
  "2713": "Trochila ilicina",
  "2714": "Trochila laurocerasi",
  "2715": "Tubaria confragosa",
  "2716": "Tubaria conspersa",
  "2717": "Tubaria dispersa",
  "2718": "Tubaria furfuracea",
  "2719": "Tuber aestivum",
  "2720": "Tuber maculatum",
  "2721": "Tuber rufum",
  "2722": "Tubeufia cerea",
  "2723": "Tubifera ferruginosa",
  "2724": "Tubulicrinis subulatus",
  "2725": "Tubulicrinis thermometrus",
  "2726": "Tulasnella violea",
  "2727": "Tulosesus angulatus",
  "2728": "Tulosesus bisporus",
  "2729": "Tulosesus congregatus",
  "2730": "Tulosesus hiascens",
  "2731": "Tulosesus impatiens",
  "2732": "Tulosesus marculentus",
  "2733": "Tulosesus pellucidus",
  "2734": "Tulosesus sclerocystidiosus",
  "2735": "Tulostoma brumale",
  "2736": "Tulostoma fimbriatum",
  "2737": "Tulostoma winterhoffii",
  "2738": "Tylopilus felleus",
  "2739": "Tylospora asterophora",
  "2740": "Tympanis alnea",
  "2741": "Typhula caricina",
  "2742": "Typhula erythropus",
  "2743": "Typhula setipes",
  "2744": "Typhula quisquiliaris",
  "2745": "Typhula spathulata",
  "2746": "Tyromyces chioneus",
  "2747": "Umbilicaria deusta",
  "2748": "Umbilicaria polyphylla",
  "2749": "Urocystis anemones",
  "2750": "Urocystis eranthidis",
  "2751": "Urocystis ficariae",
  "2752": "Uromyces betae",
  "2753": "Uromyces dactylidis",
  "2754": "Uromyces ficariae",
  "2755": "Uromyces geranii",
  "2756": "Uromyces limonii",
  "2757": "Uromyces lineolatus",
  "2758": "Uromyces pisi-sativi",
  "2759": "Uromyces rumicis",
  "2760": "Uromyces valerianae",
  "2761": "Usnea dasypoga",
  "2762": "Usnea hirta",
  "2763": "Usnea subfloridana",
  "2764": "Mycosarcoma maydis",
  "2765": "Variospora flavescens",
  "2766": "Velutarina rufo-olivacea",
  "2767": "Venturia inaequalis",
  "2768": "Venturia maculiformis",
  "2769": "Verpa bohemica",
  "2770": "Verpa conica",
  "2771": "Verrucaria bryoctona",
  "2772": "Verrucaria nigrescens",
  "2773": "Gloiothele citrina",
  "2774": "Vexillomyces atrovirens",
  "2775": "Vibrissea flavovirens",
  "2776": "Volutella arundinis",
  "2777": "Volvariella bombycina",
  "2778": "Volvariella hypopithys",
  "2779": "Volvariella murinella",
  "2780": "Volvariella pusilla",
  "2781": "Volvariella surrecta",
  "2782": "Volvopluteus gloiocephalus",
  "2783": "Vouauxiella lichenicola",
  "2784": "Vuilleminia comedens",
  "2785": "Vuilleminia coryli",
  "2786": "Vuilleminia cystidiata",
  "2787": "Vulpicida pinastri",
  "2788": "Woldmaria filicina",
  "2789": "Xanthomendoza oregana",
  "2790": "Xanthoparmelia conspersa",
  "2791": "Xanthoparmelia loxodes",
  "2792": "Xanthoparmelia mougeotii",
  "2793": "Xanthoparmelia pulla",
  "2794": "Xanthoparmelia stenophylla",
  "2795": "Xanthoparmelia verruculifera",
  "2796": "Xanthoria aureola",
  "2797": "Xanthoria calcicola",
  "2798": "Xanthoria parietina",
  "2799": "Xanthoriicola physciae",
  "2800": "Xenasma tulasnelloideum",
  "2801": "Xenasmatella vaga",
  "2802": "Xenotypa aterrima",
  "2803": "Xerocomellus chrysenteron",
  "2804": "Xerocomellus cisalpinus",
  "2805": "Xerocomellus porosporus",
  "2806": "Xerocomellus pruinatus",
  "2807": "Xerocomellus ripariellus",
  "2808": "Xerocomus ferrugineus",
  "2809": "Xerocomus subtomentosus",
  "2810": "Xeromphalina campanella",
  "2811": "Xeromphalina cauticinalis",
  "2812": "Xeromphalina cornui",
  "2813": "Xerula pudens",
  "2814": "Xylaria carpophila",
  "2815": "Xylaria hypoxylon",
  "2816": "Xylaria longipes",
  "2817": "Xylaria oxyacanthae",
  "2818": "Xylaria polymorpha",
  "2819": "Xylobolus frustulatus",
  "2820": "Xylodon asper",
  "2821": "Xylodon brevisetus",
  "2822": "Xylodon flaviporus",
  "2823": "Xylodon nesporii",
  "2824": "Schizopora paradoxa",
  "2825": "Hyphodontia quercina",
  "2826": "Xylodon subtropicus",
  "2827": "Rhytisma salicinum",
  "2828": "Sarea resinae"
}